block,label,method,round,f1_mean,f1_std,f1_sem,ci_low,ci_high,n
heterogeneous,fast25,ASILO,0,0.17057263277438459,0.029652933830740337,0.009377081021140132,0.15219355397294992,0.18895171157581925,10
heterogeneous,fast25,ASILO,1,0.17956861226219373,0.016842239403686468,0.005325983741348532,0.1691296841291506,0.19000754039523685,10
heterogeneous,fast25,ASILO,2,0.15888823053881992,0.016759141734401097,0.005299705951029213,0.14850080687480266,0.1692756542028372,10
heterogeneous,fast25,ASILO,3,0.1918301527897017,0.0266186454443613,0.008417554783264653,0.17533174541450297,0.20832856016490042,10
heterogeneous,fast25,ASILO,4,0.23333655649155083,0.023506344567147737,0.007433358829691164,0.21876717318535616,0.2479059397977455,10
heterogeneous,fast25,ASILO,5,0.3130503645621449,0.027912952469328636,0.008826850602309973,0.29574973738161736,0.33035099174267246,10
heterogeneous,fast25,ASILO,6,0.42488865754191874,0.035438258494400236,0.011206561315211416,0.40292379736410433,0.44685351771973314,10
heterogeneous,fast25,ASILO,7,0.47861157144695843,0.03173020880782634,0.010033973046546718,0.4589449842757269,0.49827815861818997,10
heterogeneous,fast25,ASILO,8,0.5285226441609618,0.03985789568403294,0.012604173310293901,0.5038184644727858,0.5532268238491379,10
heterogeneous,fast25,ASILO,9,0.5837073718604623,0.031117275445043377,0.009840146498516673,0.5644206847233696,0.602994058997555,10
heterogeneous,fast25,ASILO,10,0.6188089978734029,0.02633964785165942,0.008329327997800463,0.602483514997714,0.6351344807490918,10
heterogeneous,fast25,ASILO,11,0.6387080871874354,0.03695812657728443,0.011687185803702179,0.6158012030121791,0.6616149713626918,10
heterogeneous,fast25,ASILO,12,0.6628774851271395,0.040025473405580395,0.012657166038813046,0.6380694396910659,0.6876855305632131,10
heterogeneous,fast25,ASILO,13,0.6971049433341105,0.04292926411483379,0.013575425287780695,0.6704971097700604,0.7237127768981607,10
heterogeneous,fast25,ASILO,14,0.7072119397029228,0.03379248532880514,0.01068612214368482,0.6862671403013006,0.728156739104545,10
heterogeneous,fast25,ASILO,15,0.7477260923153257,0.02741815062340197,0.008670380519951577,0.7307321464962206,0.7647200381344308,10
heterogeneous,fast25,ASILO,16,0.7732338860055122,0.03762049290066034,0.01189664442642813,0.7499164629297131,0.7965513090813113,10
heterogeneous,fast25,ASILO,17,0.7975039008287392,0.03249168150473153,0.010274771856371863,0.7773653479902504,0.8176424536672281,10
heterogeneous,fast25,ASILO,18,0.800060244616138,0.029797679457384978,0.009422853607294675,0.7815914515458404,0.8185290376864356,10
heterogeneous,fast25,ASILO,19,0.8146951423465026,0.03902907811626533,0.012342078182403243,0.7905046691089923,0.838885615584013,10
heterogeneous,fast25,ASILO,20,0.8142261627108691,0.022479020682245117,0.007108490492592669,0.8002935213453874,0.8281588040763508,10
heterogeneous,fast25,ASILO,21,0.8354394167852238,0.01739697781836402,0.005501407430945736,0.8246566582205702,0.8462221753498774,10
heterogeneous,fast25,ASILO,22,0.818735472582488,0.024675628399368932,0.007803118843794079,0.8034413596486516,0.8340295855163244,10
heterogeneous,fast25,ASILO,23,0.8345917669258738,0.016311901063017466,0.005158276032645697,0.8244815459018882,0.8447019879498594,10
heterogeneous,fast25,ASILO,24,0.8430876125500102,0.008676989193089575,0.0027439049082829616,0.8377095589297756,0.8484656661702448,10
heterogeneous,fast25,ASILO,25,0.8413411008346413,0.0156133088093996,0.004937361764927451,0.8316638717753835,0.8510183298938991,10
heterogeneous,fast25,ASILO,26,0.8329992192162591,0.023556298097605538,0.007449155523032488,0.8183988743911154,0.8475995640414028,10
heterogeneous,fast25,ASILO,27,0.8476289643686756,0.017106923538714472,0.005409684214068537,0.8370259833091013,0.85823194542825,10
heterogeneous,fast25,ASILO,28,0.851628331466643,0.0165558286915654,0.005235412721691196,0.8413669225321282,0.8618897404011577,10
heterogeneous,fast25,ASILO,29,0.8543656643147755,0.014788508568604355,0.00467653702737062,0.845199651741129,0.8635316768884219,10
heterogeneous,fast25,ASILO,30,0.8517778609781838,0.018457028822397657,0.0058366249918152,0.8403380759942259,0.8632176459621416,10
heterogeneous,fast25,ASILO,31,0.8603413628779812,0.021772909116631343,0.006885198409639973,0.8468463739950869,0.8738363517608756,10
heterogeneous,fast25,ASILO,32,0.8592499028485644,0.02329666488880261,0.0073670522934289545,0.8448104803534436,0.8736893253436852,10
heterogeneous,fast25,ASILO,33,0.8516558606753337,0.02399448323245982,0.0075877218293292446,0.8367839258898484,0.866527795460819,10
heterogeneous,fast25,ASILO,34,0.8476487079439746,0.024432822079092507,0.007726336743558297,0.8325050879266004,0.8627923279613489,10
heterogeneous,fast25,ASILO,35,0.8579458398154584,0.028085039797140852,0.008881269393543839,0.8405385518041124,0.8753531278268043,10
heterogeneous,fast25,ASILO,36,0.8604943487102708,0.009659263990739795,0.003054527473158532,0.85450747486288,0.8664812225576615,10
heterogeneous,fast25,ASILO,37,0.8646913173138536,0.013039610502441212,0.0041234868989166815,0.8566092829919769,0.8727733516357303,10
heterogeneous,fast25,ASILO,38,0.8650525082524686,0.021918662394713732,0.0069312896431575986,0.8514671805518798,0.8786378359530574,10
heterogeneous,fast25,ASILO,39,0.8639551640796306,0.011889153923467594,0.0037596805850484806,0.8565861901329356,0.8713241380263256,10
heterogeneous,fast25,ASILO,40,0.8651847614912578,0.022377908010476004,0.007076515858283129,0.8513147904090228,0.8790547325734928,10
heterogeneous,fast25,ASILO,41,0.86641089983951,0.022959149364563267,0.007260320513202746,0.8521806716336326,0.8806411280453874,10
heterogeneous,fast25,ASILO,42,0.863947228728548,0.020933866851473016,0.006619869948535248,0.8509722836294189,0.8769221738276771,10
heterogeneous,fast25,ASILO,43,0.8622236327579426,0.015602394753042426,0.00493391043726744,0.8525531683008983,0.8718940972149868,10
heterogeneous,fast25,ASILO,44,0.8691836132109927,0.020264219407076147,0.006408108833174742,0.8566237198979701,0.8817435065240152,10
heterogeneous,fast25,ASILO,45,0.8668268597470155,0.023665080970145164,0.007483555687796588,0.8521590905989341,0.8814946288950968,10
heterogeneous,fast25,ASILO,46,0.87350321562835,0.018430368994731796,0.005828194414070031,0.8620799545767728,0.8849264766799272,10
heterogeneous,fast25,ASILO,47,0.862567719084858,0.021301910193834594,0.00673625547248762,0.8493646583587823,0.8757707798109337,10
heterogeneous,fast25,ASILO,48,0.8741272071512893,0.020058027871999836,0.006342905344665977,0.8616951126757441,0.8865593016268346,10
heterogeneous,fast25,ASILO,49,0.8717941071465368,0.015153551683222655,0.004791973796006194,0.8624018385063646,0.881186375786709,10
heterogeneous,fast25,DFedSAM,0,0.17114186102622603,0.03337944845655963,0.01055550841629204,0.15045306453029364,0.19183065752215842,10
heterogeneous,fast25,DFedSAM,1,0.1788822682378711,0.042298471692472035,0.013375951209236889,0.15266540386776678,0.2050991326079754,10
heterogeneous,fast25,DFedSAM,2,0.17648296817145645,0.048739988457261144,0.015412937665526158,0.14627361034702518,0.20669232599588772,10
heterogeneous,fast25,DFedSAM,3,0.16412709789348842,0.04720781821281692,0.01492842289196809,0.13486738902523096,0.19338680676174588,10
heterogeneous,fast25,DFedSAM,4,0.1512686425955026,0.022412283780595475,0.007087386431273117,0.1373773651902073,0.1651599200007979,10
heterogeneous,fast25,DFedSAM,5,0.14405117810902038,0.007551507838131505,0.002387996453710967,0.13937070505974689,0.14873165115829387,10
heterogeneous,fast25,DFedSAM,6,0.1441806325417156,0.0074054788728774275,0.00234181804025492,0.13959066918281596,0.14877059590061523,10
heterogeneous,fast25,DFedSAM,7,0.1407358405176573,0.00020993930030817066,6.638863593559086e-05,0.14060571879122355,0.14086596224409106,10
heterogeneous,fast25,DFedSAM,8,0.140682373205467,4.086081341951862e-05,1.2921323745285206e-05,0.14065704741092624,0.14070769900000776,10
heterogeneous,fast25,DFedSAM,9,0.18515735810162315,0.022805173744952254,0.007211629146992097,0.17102256497351864,0.19929215122972765,10
heterogeneous,fast25,DFedSAM,10,0.26490146643481655,0.03691485003593758,0.01167350055971113,0.24202140533778274,0.2877815275318504,10
heterogeneous,fast25,DFedSAM,11,0.33069228095626124,0.03341220122140479,0.010565865749949901,0.30998318408635944,0.35140137782616304,10
heterogeneous,fast25,DFedSAM,12,0.4005916257110015,0.03953427402509284,0.012501835156052611,0.37608802880513836,0.4250952226168646,10
heterogeneous,fast25,DFedSAM,13,0.43683045025475825,0.03279342318964187,0.010370190955305215,0.41650487598236,0.4571560245271565,10
heterogeneous,fast25,DFedSAM,14,0.47035768384748666,0.035619877663984466,0.011263994339474871,0.44828025494211593,0.4924351127528574,10
heterogeneous,fast25,DFedSAM,15,0.5197284607273395,0.03267711338271956,0.010333410564896324,0.4994749760201427,0.5399819454345363,10
heterogeneous,fast25,DFedSAM,16,0.5570388078061326,0.032754519125056517,0.010357888409872415,0.5367373465227826,0.5773402690894825,10
heterogeneous,fast25,DFedSAM,17,0.594701826417627,0.03658071317213202,0.011567837205726024,0.572028865494404,0.61737478734085,10
heterogeneous,fast25,DFedSAM,18,0.6266434307648291,0.026317985415829206,0.008322477734111391,0.6103313744059707,0.6429554871236874,10
heterogeneous,fast25,DFedSAM,19,0.6411460839131548,0.023229138844715155,0.007345698683359225,0.6267485144937707,0.6555436533325388,10
heterogeneous,fast25,DFedSAM,20,0.6598327424453928,0.021321892789509477,0.006742574524077107,0.6466172963782016,0.673048188512584,10
heterogeneous,fast25,DFedSAM,21,0.6677509261140449,0.01781554559660872,0.005633770184386689,0.6567087365526469,0.6787931156754428,10
heterogeneous,fast25,DFedSAM,22,0.6755880332641723,0.03443345388897178,0.010888814199553346,0.6542459574330477,0.6969301090952968,10
heterogeneous,fast25,DFedSAM,23,0.6893963000741747,0.030955571536732774,0.00978901123283542,0.6702098380578173,0.7085827620905322,10
heterogeneous,fast25,DFedSAM,24,0.7083437518901328,0.028391462843417693,0.008978168868924039,0.6907465409070417,0.7259409628732238,10
heterogeneous,fast25,DFedSAM,25,0.7237232000352745,0.02311477644521908,0.007309534117250256,0.7093965131654639,0.738049886905085,10
heterogeneous,fast25,DFedSAM,26,0.7311734024518535,0.013362141958899872,0.004225480300862761,0.7228914610621625,0.7394553438415444,10
heterogeneous,fast25,DFedSAM,27,0.7493896074918482,0.025354281277397858,0.008017727727314064,0.7336748611463126,0.7651043538373838,10
heterogeneous,fast25,DFedSAM,28,0.7637470341927599,0.02152044491714683,0.006805362219837757,0.7504085242418779,0.777085544143642,10
heterogeneous,fast25,DFedSAM,29,0.7704219412122582,0.02022236149240878,0.0063948721983293575,0.7578879917035326,0.7829558907209837,10
heterogeneous,fast25,DFedSAM,30,0.7744551042888718,0.019041943569161286,0.006021591275494567,0.7626527853889025,0.7862574231888411,10
heterogeneous,fast25,DFedSAM,31,0.7792797543628283,0.02016951489695572,0.00637816063750764,0.7667785595133133,0.7917809492123432,10
heterogeneous,fast25,DFedSAM,32,0.7757879796796665,0.01666444388222908,0.0052697598607902634,0.7654592503525176,0.7861167090068154,10
heterogeneous,fast25,DFedSAM,33,0.783676896878555,0.013930815425693719,0.00440531064086003,0.7750424880224693,0.7923113057346407,10
heterogeneous,fast25,DFedSAM,34,0.7870048452380571,0.01196010484510489,0.0037821172364946786,0.7795918954545276,0.7944177950215867,10
heterogeneous,fast25,DFedSAM,35,0.7946930027957839,0.01770774481771609,0.005599680584902598,0.7837176288493748,0.805668376742193,10
heterogeneous,fast25,DFedSAM,36,0.7912909929613167,0.023230103984281512,0.0073460038872881885,0.7768928253422318,0.8056891605804015,10
heterogeneous,fast25,DFedSAM,37,0.7931092538520965,0.018971014918524987,0.005999161666757261,0.7813508969852523,0.8048676107189408,10
heterogeneous,fast25,DFedSAM,38,0.807475453134755,0.020582138546437433,0.006508643692388957,0.7947185114976726,0.8202323947718374,10
heterogeneous,fast25,DFedSAM,39,0.8110780624390854,0.022759048135558603,0.007197042948577377,0.7969718582598737,0.8251842666182971,10
heterogeneous,fast25,DFedSAM,40,0.8126178985053519,0.017843080633582233,0.005642477527616014,0.8015586425512246,0.8236771544594793,10
heterogeneous,fast25,DFedSAM,41,0.8133224457175403,0.021905753781591458,0.006927207581267566,0.7997451188582558,0.8268997725768248,10
heterogeneous,fast25,DFedSAM,42,0.801629132638347,0.02424200104251162,0.007665993833451305,0.7866037847247824,0.8166544805519116,10
heterogeneous,fast25,DFedSAM,43,0.8187046352256377,0.01548595470151465,0.004897088859897925,0.8091063410602378,0.8283029293910377,10
heterogeneous,fast25,DFedSAM,44,0.8148209140070284,0.02136513970787092,0.006756250400457658,0.8015786632221313,0.8280631647919254,10
heterogeneous,fast25,DFedSAM,45,0.8229730128950324,0.020667857642056454,0.006535750450501544,0.8101629420120494,0.8357830837780155,10
heterogeneous,fast25,DFedSAM,46,0.826495052271684,0.02375237357976604,0.007511160034726778,0.8117731786036195,0.8412169259397484,10
heterogeneous,fast25,DFedSAM,47,0.8245631856099835,0.021586966518272355,0.006826398197153544,0.8111834451435626,0.8379429260764045,10
heterogeneous,fast25,DFedSAM,48,0.8238937552454428,0.02130166653609265,0.006736178421144213,0.8106908455400001,0.8370966649508855,10
heterogeneous,fast25,DFedSAM,49,0.8293145261523488,0.02788532103972225,0.008818112777053695,0.8120310251093236,0.846598027195374,10
heterogeneous,fast25,DeceFL,0,0.150527546952636,0.026970960718421404,0.00852896665531429,0.13381077230822,0.16724432159705202,10
heterogeneous,fast25,DeceFL,1,0.1505705549269288,0.014601343318779823,0.004617350178542625,0.14152054857698526,0.15962056127687235,10
heterogeneous,fast25,DeceFL,2,0.17488102165122177,0.025926536448190828,0.008198690701565509,0.15881158787615338,0.19095045542629016,10
heterogeneous,fast25,DeceFL,3,0.16090940122814318,0.02073904569911568,0.006558262090752462,0.14805520753026835,0.173763594926018,10
heterogeneous,fast25,DeceFL,4,0.1484948539120004,0.014805941847912512,0.0046820499143405865,0.13931803607989285,0.15767167174410796,10
heterogeneous,fast25,DeceFL,5,0.14066945188172172,0.0,0.0,0.14066945188172172,0.14066945188172172,10
heterogeneous,fast25,DeceFL,6,0.14249220740007207,0.005764059055627891,0.0018227555183503326,0.1389196065841054,0.14606480821603873,10
heterogeneous,fast25,DeceFL,7,0.14249355682598486,0.00576832631504594,0.0018241049442631163,0.13891831113522915,0.14606880251674056,10
heterogeneous,fast25,DeceFL,8,0.1452204679521371,0.007328821941471067,0.0023175769900865804,0.1406780170515674,0.14976291885270682,10
heterogeneous,fast25,DeceFL,9,0.1748703690037971,0.023271264432343286,0.007359019963827015,0.16044668987469615,0.18929404813289805,10
heterogeneous,fast25,DeceFL,10,0.2645366221011791,0.043981154806675686,0.013908062331355765,0.2372768199317218,0.2917964242706364,10
heterogeneous,fast25,DeceFL,11,0.34506542481039604,0.024123188635663703,0.007628422051458705,0.330113717589537,0.36001713203125507,10
heterogeneous,fast25,DeceFL,12,0.39430369628488565,0.028428010013575804,0.008989726098897375,0.3766838331310468,0.4119235594387245,10
heterogeneous,fast25,DeceFL,13,0.43247266730285644,0.029545722886958108,0.00934317794389532,0.41416003853282163,0.45078529607289125,10
heterogeneous,fast25,DeceFL,14,0.47613790534037415,0.03742054114636391,0.011833414129855821,0.45294441364585675,0.49933139703489154,10
heterogeneous,fast25,DeceFL,15,0.5213112955468037,0.02682233954609031,0.008481968514005225,0.5046866372593535,0.5379359538342539,10
heterogeneous,fast25,DeceFL,16,0.5611774237011681,0.01995880336185088,0.006311527799487458,0.5488068292141727,0.5735480181881635,10
heterogeneous,fast25,DeceFL,17,0.5925766032071134,0.03117432649914435,0.009858187625903929,0.5732545554603417,0.6118986509538851,10
heterogeneous,fast25,DeceFL,18,0.6242618644614967,0.01807904952326627,0.005717097442450271,0.6130563534742941,0.6354673754486992,10
heterogeneous,fast25,DeceFL,19,0.6435760884775629,0.030938525393411093,0.009783620769013601,0.6244001917702963,0.6627519851848295,10
heterogeneous,fast25,DeceFL,20,0.6594157817597892,0.02414587254799362,0.007635595334379317,0.6444500149044058,0.6743815486151726,10
heterogeneous,fast25,DeceFL,21,0.6723771335160986,0.028204251204328488,0.008918967350522508,0.6548959575090745,0.6898583095231228,10
heterogeneous,fast25,DeceFL,22,0.6897558979862133,0.022881482616670907,0.007235760131022952,0.6755738081294083,0.7039379878430183,10
heterogeneous,fast25,DeceFL,23,0.7032116987123933,0.02678823493015395,0.008471183687496808,0.6866081786848995,0.7198152187398871,10
heterogeneous,fast25,DeceFL,24,0.7186488249179693,0.02694410579557523,0.00852047438305609,0.7019486951271794,0.7353489547087593,10
heterogeneous,fast25,DeceFL,25,0.7201184009959636,0.03332565629307795,0.010538497840605017,0.6994629452283777,0.7407738567635495,10
heterogeneous,fast25,DeceFL,26,0.7482151345656429,0.02758127903995853,0.008721966254693122,0.7311200807064444,0.7653101884248414,10
heterogeneous,fast25,DeceFL,27,0.7612945717057122,0.014177523070506305,0.004483326448238389,0.752507251867165,0.7700818915442594,10
heterogeneous,fast25,DeceFL,28,0.7644827024305993,0.017893640233484442,0.005658465876943795,0.7533921093117895,0.7755732955494092,10
heterogeneous,fast25,DeceFL,29,0.7630279544630947,0.028146735392047862,0.008900779253694362,0.7455824271258538,0.7804734818003356,10
heterogeneous,fast25,DeceFL,30,0.7797649534851598,0.018704100526719863,0.005914755924918984,0.7681720318723186,0.791357875098001,10
heterogeneous,fast25,DeceFL,31,0.79167648854251,0.026287106782572605,0.008312713052899002,0.775383570958828,0.8079694061261921,10
heterogeneous,fast25,DeceFL,32,0.7978411281894232,0.015199736842731742,0.004806578825820884,0.7884202336908143,0.8072620226880322,10
heterogeneous,fast25,DeceFL,33,0.8096498012208413,0.014179611961901996,0.0044839870136979005,0.8008611866739934,0.8184384157676892,10
heterogeneous,fast25,DeceFL,34,0.8068976630790494,0.01948137430593223,0.006160551475702775,0.794822982186672,0.8189723439714268,10
heterogeneous,fast25,DeceFL,35,0.8042886568772012,0.015025258303043463,0.00475140386699738,0.7949759052978863,0.8136014084565161,10
heterogeneous,fast25,DeceFL,36,0.8107785645178776,0.022005288722780094,0.006958683293360266,0.7971395452628914,0.8244175837728637,10
heterogeneous,fast25,DeceFL,37,0.8159535535708494,0.028914022390545253,0.009143416707122957,0.7980324568248884,0.8338746503168104,10
heterogeneous,fast25,DeceFL,38,0.8238529486886559,0.027212990052980026,0.008605503051092304,0.806986162708515,0.8407197346687968,10
heterogeneous,fast25,DeceFL,39,0.8264218160714799,0.019506555334402084,0.0061685144160818035,0.8143315278159595,0.8385121043270003,10
heterogeneous,fast25,DeceFL,40,0.8250244153450144,0.01108597300001473,0.0035056924759176407,0.8181532580922158,0.8318955725978129,10
heterogeneous,fast25,DeceFL,41,0.8233039242701556,0.018202654186023254,0.005756184668823177,0.8120218023192622,0.834586046221049,10
heterogeneous,fast25,DeceFL,42,0.8284948737990095,0.030121701332460834,0.0095253183209905,0.8098252498898681,0.8471644977081509,10
heterogeneous,fast25,DeceFL,43,0.8225865088559818,0.019167516231881416,0.006061300838099339,0.8107063592133071,0.8344666584986565,10
heterogeneous,fast25,DeceFL,44,0.8277941525272207,0.019970539871067887,0.006315239209577988,0.8154162836764478,0.8401720213779935,10
heterogeneous,fast25,DeceFL,45,0.8295048682175807,0.02283075586021279,0.0072197189221509216,0.8153542191301649,0.8436555173049965,10
heterogeneous,fast25,DeceFL,46,0.834183130506329,0.021966992208080387,0.006946572872070547,0.8205678476770707,0.8477984133355873,10
heterogeneous,fast25,DeceFL,47,0.8240027181125379,0.01648440998777129,0.005212828144538565,0.8137855749492423,0.8342198612758335,10
heterogeneous,fast25,DeceFL,48,0.827123179835372,0.02940933543676182,0.009300048445207017,0.8088950848827662,0.8453512747879778,10
heterogeneous,fast25,DeceFL,49,0.8411756644312758,0.016805068201705905,0.005314229175186058,0.8307597752479111,0.8515915536146405,10
heterogeneous,fast25,FedAvg,0,0.1727633125630073,0.01374219674976707,0.004345664178342691,0.16424581077345562,0.181280814352559,10
heterogeneous,fast25,FedAvg,1,0.1702665517989249,0.03602674486223542,0.0113926570446433,0.147936943991424,0.19259615960642576,10
heterogeneous,fast25,FedAvg,2,0.16743873498660358,0.04790326045163697,0.0151483410375439,0.13774798655301754,0.19712948342018963,10
heterogeneous,fast25,FedAvg,3,0.15180110424972765,0.02193201893180884,0.006935513351044905,0.13820749808167965,0.16539471041777565,10
heterogeneous,fast25,FedAvg,4,0.14473512822144802,0.008601195886445262,0.0027199369602438008,0.13940405177937018,0.15006620466352585,10
heterogeneous,fast25,FedAvg,5,0.14066945188172172,0.0,0.0,0.14066945188172172,0.14066945188172172,10
heterogeneous,fast25,FedAvg,6,0.14066945188172172,0.0,0.0,0.14066945188172172,0.14066945188172172,10
heterogeneous,fast25,FedAvg,7,0.14066945188172172,0.0,0.0,0.14066945188172172,0.14066945188172172,10
heterogeneous,fast25,FedAvg,8,0.14810616943884955,0.01279856982050486,0.004047263142548774,0.14017353367945395,0.15603880519824515,10
heterogeneous,fast25,FedAvg,9,0.18989879605017618,0.023335771443115813,0.007379418871736035,0.17543513506157354,0.2043624570387788,10
heterogeneous,fast25,FedAvg,10,0.29021504788721253,0.02040835939673276,0.006453689900097542,0.27756581568302136,0.3028642800914037,10
heterogeneous,fast25,FedAvg,11,0.3614135273965759,0.022640255793434,0.007159477511607406,0.34738095147382536,0.37544610331932643,10
heterogeneous,fast25,FedAvg,12,0.40532629183949725,0.01719249900467597,0.005436745552495392,0.3946702705566063,0.4159823131223882,10
heterogeneous,fast25,FedAvg,13,0.44103893985876264,0.02630677055201712,0.008318931282781912,0.4247338345445101,0.4573440451730152,10
heterogeneous,fast25,FedAvg,14,0.4819853429915346,0.026156356418884082,0.008271366157483893,0.4657734653228662,0.49819722066020306,10
heterogeneous,fast25,FedAvg,15,0.5395185786567668,0.03896238296251553,0.012320987322928793,0.5153694435038263,0.5636677138097073,10
heterogeneous,fast25,FedAvg,16,0.579264208664748,0.03442145759633106,0.010885020638731088,0.5579295682128351,0.600598849116661,10
heterogeneous,fast25,FedAvg,17,0.608279301364711,0.03748278858443006,0.011853098498135753,0.5850472283083649,0.6315113744210571,10
heterogeneous,fast25,FedAvg,18,0.629522191577593,0.03080954121700064,0.009742832391055802,0.6104262400911237,0.6486181430640624,10
heterogeneous,fast25,FedAvg,19,0.6433877377615811,0.019438065504456484,0.006146856030163234,0.6313398999424612,0.655435575580701,10
heterogeneous,fast25,FedAvg,20,0.6622027524964265,0.025570337928464942,0.008086050839414088,0.6463540928511748,0.6780514121416781,10
heterogeneous,fast25,FedAvg,21,0.6735223440778093,0.030524671958026346,0.00965274882168349,0.6546029563873097,0.6924417317683089,10
heterogeneous,fast25,FedAvg,22,0.682866144728487,0.026455634274618542,0.00836600612522111,0.6664687727230536,0.6992635167339203,10
heterogeneous,fast25,FedAvg,23,0.6978790931316279,0.02749009838545417,0.008693132400015255,0.680840553627598,0.7149176326356578,10
heterogeneous,fast25,FedAvg,24,0.7144712788516883,0.02576165102036991,0.008146549351076969,0.6985040421235774,0.7304385155797991,10
heterogeneous,fast25,FedAvg,25,0.7247512772086058,0.026143722970141593,0.008267371110210966,0.7085472298325923,0.7409553245846192,10
heterogeneous,fast25,FedAvg,26,0.7340126020795186,0.021105158891067306,0.006674037247552618,0.7209314890743155,0.7470937150847217,10
heterogeneous,fast25,FedAvg,27,0.7428431412778175,0.02842496621086516,0.008988763563965992,0.7252251646924441,0.7604611178631908,10
heterogeneous,fast25,FedAvg,28,0.7513253065283042,0.023556960979229196,0.007449365144607471,0.7367245508448735,0.7659260622117349,10
heterogeneous,fast25,FedAvg,29,0.7592474275836253,0.016761144781423248,0.005300339370114255,0.7488587624182014,0.7696360927490492,10
heterogeneous,fast25,FedAvg,30,0.7674238851281098,0.01782257152399007,0.00563599197770669,0.7563773408518046,0.7784704294044149,10
heterogeneous,fast25,FedAvg,31,0.7867673129384992,0.023829609084165496,0.007535584045740201,0.7719975682088485,0.80153705766815,10
heterogeneous,fast25,FedAvg,32,0.7915792507357102,0.020640972997993643,0.006527248779569403,0.7787858431277542,0.8043726583436662,10
heterogeneous,fast25,FedAvg,33,0.78988147751859,0.018753919034746866,0.005930509920418655,0.7782576780745694,0.8015052769626105,10
heterogeneous,fast25,FedAvg,34,0.8110765482020437,0.019157459186022217,0.006058120520954556,0.7992026319809727,0.8229504644231146,10
heterogeneous,fast25,FedAvg,35,0.8191564560336797,0.015408425562312728,0.004872571993406893,0.8096062149266022,0.8287066971407572,10
heterogeneous,fast25,FedAvg,36,0.8179701656238155,0.02344917901895107,0.007415281496091804,0.8034362138914756,0.8325041173561555,10
heterogeneous,fast25,FedAvg,37,0.8112910912529611,0.03050879480879709,0.009647728026252005,0.7923815443215071,0.830200638184415,10
heterogeneous,fast25,FedAvg,38,0.822349561629062,0.021451926657958077,0.006783694843803134,0.8090535197352079,0.8356456035229162,10
heterogeneous,fast25,FedAvg,39,0.8216316537375116,0.023486808055790405,0.007427180842348872,0.8070743792865078,0.8361889281885153,10
heterogeneous,fast25,FedAvg,40,0.8255427218890505,0.02631842950551948,0.008322618167602058,0.8092303902805505,0.8418550534975505,10
heterogeneous,fast25,FedAvg,41,0.8185530903797871,0.026091818087197915,0.008250957345032322,0.8023812139835237,0.8347249667760505,10
heterogeneous,fast25,FedAvg,42,0.8383548120495121,0.01550781170901538,0.0049040006525516945,0.8287429707705108,0.8479666533285134,10
heterogeneous,fast25,FedAvg,43,0.83484793206911,0.01936978464595144,0.006125263726816471,0.8228424151645497,0.8468534489736703,10
heterogeneous,fast25,FedAvg,44,0.8267397958669569,0.02996855830512327,0.009476890243574485,0.8081650909895509,0.8453145007443629,10
heterogeneous,fast25,FedAvg,45,0.8369344625108658,0.01652679863166466,0.005226232610701449,0.8266910465938909,0.8471778784278406,10
heterogeneous,fast25,FedAvg,46,0.82989922774525,0.014263597782665163,0.004510545662174927,0.8210585582473872,0.8387398972431129,10
heterogeneous,fast25,FedAvg,47,0.840054077245026,0.024493842953663022,0.007745633238404124,0.824872636097754,0.855235518392298,10
heterogeneous,fast25,FedAvg,48,0.836033884319886,0.028028178588814907,0.008863288300661907,0.8186618392505887,0.8534059293891834,10
heterogeneous,fast25,FedAvg,49,0.8507330048642491,0.018411502173362862,0.005822228201296694,0.8393214375897076,0.8621445721387906,10
heterogeneous,fast50,ASILO,0,0.20142312763033146,0.0384321004718611,0.0121532972755513,0.1776026649702509,0.22524359029041202,10
heterogeneous,fast50,ASILO,1,0.16886374451714717,0.013468633957342983,0.004259156027629094,0.16051579870299415,0.1772116903313002,10
heterogeneous,fast50,ASILO,2,0.1560966144284393,0.021105573255671844,0.006674168281145827,0.14301524459739348,0.16917798425948513,10
heterogeneous,fast50,ASILO,3,0.2691277031490528,0.028259423393620486,0.008936414328688575,0.2516123310648232,0.2866430752332824,10
heterogeneous,fast50,ASILO,4,0.3219507486356347,0.013247908008314751,0.00418935635386595,0.3137396101820575,0.33016188708921196,10
heterogeneous,fast50,ASILO,5,0.3678664876384244,0.026423822856471362,0.0083559464715266,0.35148883255423224,0.38424414272261653,10
heterogeneous,fast50,ASILO,6,0.4419469672614393,0.030970449743206216,0.009793716134830852,0.4227512836371708,0.46114265088570777,10
heterogeneous,fast50,ASILO,7,0.5136627386262109,0.03055811491849225,0.009663324414360611,0.49472262277406415,0.5326028544783578,10
heterogeneous,fast50,ASILO,8,0.5675505704864936,0.023137269782446443,0.007316647135031928,0.553209942101831,0.5818911988711561,10
heterogeneous,fast50,ASILO,9,0.6132865097243259,0.03420579405624982,0.010816821839239914,0.5920855389194156,0.6344874805292361,10
heterogeneous,fast50,ASILO,10,0.6442549902900836,0.023064118831613516,0.0072935147732680235,0.6299597013344783,0.6585502792456889,10
heterogeneous,fast50,ASILO,11,0.6702773943931625,0.024937007408123105,0.007885774143816107,0.6548212770712829,0.685733511715042,10
heterogeneous,fast50,ASILO,12,0.6966151201472547,0.023945167103095074,0.007572126699911633,0.6817737518154279,0.7114564884790815,10
heterogeneous,fast50,ASILO,13,0.7186648784444974,0.03630100486293988,0.011479385671973846,0.6961652825274287,0.7411644743615662,10
heterogeneous,fast50,ASILO,14,0.7407000058055953,0.018425557113784803,0.005826672763707824,0.7292797271887279,0.7521202844224626,10
heterogeneous,fast50,ASILO,15,0.7688722904693019,0.03387768813610646,0.01071306563709608,0.7478746818205936,0.7898698991180103,10
heterogeneous,fast50,ASILO,16,0.7813884934418595,0.035111477715884166,0.011103224159644036,0.7596261740889572,0.8031508127947617,10
heterogeneous,fast50,ASILO,17,0.7915481302796514,0.021864702633756443,0.006914226068495272,0.7779962471854007,0.8051000133739021,10
heterogeneous,fast50,ASILO,18,0.8098441953452191,0.011760610619917978,0.0037190316233305615,0.8025548933634912,0.8171334973269471,10
heterogeneous,fast50,ASILO,19,0.8060100347932684,0.018267674474087316,0.0057767458892634465,0.794687612850312,0.8173324567362248,10
heterogeneous,fast50,ASILO,20,0.8201318699037581,0.03210516207976449,0.010152543682092424,0.8002328842868569,0.8400308555206593,10
heterogeneous,fast50,ASILO,21,0.8090809079803275,0.016074429328438517,0.005083180876527652,0.7991178734623333,0.8190439424983217,10
heterogeneous,fast50,ASILO,22,0.8302097374691829,0.027061353616247313,0.008557551399457566,0.8134369367262461,0.8469825382121198,10
heterogeneous,fast50,ASILO,23,0.832194443700003,0.02597031502094465,0.008212534701826856,0.8160978756844223,0.8482910117155836,10
heterogeneous,fast50,ASILO,24,0.8245287458591827,0.020289269244315362,0.006416030287243984,0.8119533264961845,0.8371041652221809,10
heterogeneous,fast50,ASILO,25,0.8519535456303629,0.024332820664768134,0.007694713519707976,0.8368719071317352,0.8670351841289905,10
heterogeneous,fast50,ASILO,26,0.8300625810783867,0.020793561431594217,0.006575501479046921,0.8171745981794547,0.8429505639773187,10
heterogeneous,fast50,ASILO,27,0.8357958343959243,0.02365851493221182,0.0074814793242893455,0.8211321349203172,0.8504595338715314,10
heterogeneous,fast50,ASILO,28,0.8358761553443148,0.018097827273101028,0.005723035488331339,0.8246590057871854,0.8470933049014442,10
heterogeneous,fast50,ASILO,29,0.8507015062440727,0.012824729056759245,0.004055535419390205,0.8427526568220679,0.8586503556660775,10
heterogeneous,fast50,ASILO,30,0.8389344334971162,0.01264759211016803,0.003999519798490621,0.8310953746920745,0.8467734923021578,10
heterogeneous,fast50,ASILO,31,0.8453650606393806,0.01306484253952613,0.0041314659696361,0.8372673873388938,0.8534627339398673,10
heterogeneous,fast50,ASILO,32,0.8489571972285572,0.01817090665599793,0.005746145218326716,0.8376947526006369,0.8602196418564776,10
heterogeneous,fast50,ASILO,33,0.8545894592487195,0.02057993698339778,0.0065079474970271825,0.8418338821545462,0.8673450363428928,10
heterogeneous,fast50,ASILO,34,0.8610737725601503,0.013549524535054567,0.00428473587431064,0.8526756902465015,0.8694718548737991,10
heterogeneous,fast50,ASILO,35,0.8565947043108023,0.01938077590794733,0.006128739469043138,0.8445823749514778,0.8686070336701268,10
heterogeneous,fast50,ASILO,36,0.8501032209662857,0.021153393083715527,0.006689290238539391,0.8369922120987484,0.8632142298338229,10
heterogeneous,fast50,ASILO,37,0.8571706239353414,0.021335875447090064,0.006746996228646793,0.8439465113271937,0.8703947365434891,10
heterogeneous,fast50,ASILO,38,0.857474052574849,0.01785611414823619,0.005646599086838383,0.8464067183646458,0.8685413867850522,10
heterogeneous,fast50,ASILO,39,0.8681464648865876,0.01857701514870151,0.005874567999734835,0.8566323116071074,0.8796606181660679,10
heterogeneous,fast50,ASILO,40,0.8657420653032399,0.012479334147684786,0.0039463119589,0.8580072938637959,0.873476836742684,10
heterogeneous,fast50,ASILO,41,0.8621413044011677,0.017990016636004233,0.0056889427714093685,0.8509909765692053,0.87329163223313,10
heterogeneous,fast50,ASILO,42,0.8618429952635374,0.015585559275518255,0.0049285865918201445,0.8521829655435699,0.8715030249835048,10
heterogeneous,fast50,ASILO,43,0.8667692648460253,0.022174377323950827,0.007012153803967399,0.8530254433902492,0.8805130863018015,10
heterogeneous,fast50,ASILO,44,0.8643211543213638,0.01783384337898532,0.005639556451230704,0.8532676236769516,0.875374684965776,10
heterogeneous,fast50,ASILO,45,0.8700640747553665,0.011785574896710269,0.0037269260208108133,0.8627592997545773,0.8773688497561557,10
heterogeneous,fast50,ASILO,46,0.8548947466942207,0.01741148078615574,0.005505993672051126,0.8441029990970005,0.865686494291441,10
heterogeneous,fast50,ASILO,47,0.8744810045125607,0.01686280672241379,0.005332487698602629,0.8640293286232996,0.8849326804018218,10
heterogeneous,fast50,ASILO,48,0.8734331253861143,0.02027538986807208,0.006411641243100864,0.8608663085496366,0.8859999422225919,10
heterogeneous,fast50,ASILO,49,0.8674059764393001,0.021592700201393655,0.006828211346958041,0.8540226821992623,0.8807892706793379,10
heterogeneous,fast50,DFedSAM,0,0.1645043604006157,0.026041722364235777,0.008235115686473006,0.1483635336551286,0.18064518714610278,10
heterogeneous,fast50,DFedSAM,1,0.17607880249311497,0.04625971540588723,0.01462860645937842,0.14740673383273328,0.20475087115349666,10
heterogeneous,fast50,DFedSAM,2,0.15479048631009218,0.022825740648934473,0.007218132973092276,0.1406429456828313,0.16893802693735305,10
heterogeneous,fast50,DFedSAM,3,0.14445956065475826,0.007873098502381774,0.0024896923510387007,0.13957976364672242,0.1493393576627941,10
heterogeneous,fast50,DFedSAM,4,0.14066963337116603,5.739200152075213e-07,1.814894442814241e-07,0.14066927765185525,0.14066998909047682,10
heterogeneous,fast50,DFedSAM,5,0.14066945188172172,0.0,0.0,0.14066945188172172,0.14066945188172172,10
heterogeneous,fast50,DFedSAM,6,0.14066945188172172,0.0,0.0,0.14066945188172172,0.14066945188172172,10
heterogeneous,fast50,DFedSAM,7,0.14066945188172172,0.0,0.0,0.14066945188172172,0.14066945188172172,10
heterogeneous,fast50,DFedSAM,8,0.14434324093636192,0.011460238970880419,0.0036240457677806205,0.1372401112315119,0.15144637064121194,10
heterogeneous,fast50,DFedSAM,9,0.1920327938469578,0.03598394921761405,0.011379123873549434,0.1697297110548009,0.2143358766391147,10
heterogeneous,fast50,DFedSAM,10,0.267954197476976,0.04040056591522453,0.01277578070518746,0.2429136672948086,0.2929947276591434,10
heterogeneous,fast50,DFedSAM,11,0.35875295111754824,0.042087534364331644,0.013309246969189493,0.3326668270579368,0.38483907517715965,10
heterogeneous,fast50,DFedSAM,12,0.4079126604564399,0.034375311574339026,0.010870427985285981,0.3866066216052794,0.4292186993076004,10
heterogeneous,fast50,DFedSAM,13,0.4488316452255921,0.027224358445126575,0.008609098052344012,0.43195781304299785,0.46570547740818635,10
heterogeneous,fast50,DFedSAM,14,0.4813766040522546,0.03910116571817406,0.012364874283712352,0.4571414504561784,0.5056117576483308,10
heterogeneous,fast50,DFedSAM,15,0.5129004033436563,0.05781452243648868,0.01828255727342117,0.4770665910877508,0.5487342155995618,10
heterogeneous,fast50,DFedSAM,16,0.5534854498267131,0.05094138927418534,0.016109081727969737,0.5219116496398924,0.5850592500135338,10
heterogeneous,fast50,DFedSAM,17,0.6001227435858634,0.029870710240652118,0.009445947968737703,0.5816086855671375,0.6186368016045892,10
heterogeneous,fast50,DFedSAM,18,0.6234805183847393,0.026382170954583645,0.008342774983642293,0.6071286794168004,0.6398323573526782,10
heterogeneous,fast50,DFedSAM,19,0.6290775181552629,0.03165434835347272,0.01000998386453745,0.6094579497807695,0.6486970865297563,10
heterogeneous,fast50,DFedSAM,20,0.6566467435818414,0.020113848224625898,0.006360557290075189,0.644180051293294,0.6691134358703887,10
heterogeneous,fast50,DFedSAM,21,0.6674040462213827,0.019983227028702366,0.006319251241093843,0.6550183137888388,0.6797897786539266,10
heterogeneous,fast50,DFedSAM,22,0.6835819564755632,0.028969063839799504,0.009160822341658957,0.6656267446859117,0.7015371682652147,10
heterogeneous,fast50,DFedSAM,23,0.7013562135895522,0.025516074240760588,0.008068891154675505,0.6855411869263882,0.7171712402527163,10
heterogeneous,fast50,DFedSAM,24,0.713030711715176,0.024954740098036696,0.007891381712732952,0.6975636035582193,0.7284978198721326,10
heterogeneous,fast50,DFedSAM,25,0.7195826294696406,0.01745637241896408,0.005520189652806956,0.7087630577501389,0.7304022011891422,10
heterogeneous,fast50,DFedSAM,26,0.7446564093558075,0.028401458368183013,0.008981329731390741,0.7270530030822816,0.7622598156293333,10
heterogeneous,fast50,DFedSAM,27,0.7457403963697157,0.02325383875536523,0.007353509480924914,0.7313275177871028,0.7601532749523285,10
heterogeneous,fast50,DFedSAM,28,0.7527149585138825,0.03045394886663643,0.009630384216487452,0.733839405449567,0.7715905115781979,10
heterogeneous,fast50,DFedSAM,29,0.7663717662999231,0.01237324458048867,0.003912763492067879,0.75870274985547,0.7740407827443762,10
heterogeneous,fast50,DFedSAM,30,0.7750853541131015,0.028849150971102744,0.009122902563074312,0.7572044650894759,0.7929662431367271,10
heterogeneous,fast50,DFedSAM,31,0.7841160718964921,0.027236590316227955,0.008612966109616607,0.7672346583216436,0.8009974854713406,10
heterogeneous,fast50,DFedSAM,32,0.7905780845579645,0.013730318226276456,0.004341907859395676,0.782067945153549,0.79908822396238,10
heterogeneous,fast50,DFedSAM,33,0.7956439605980925,0.022063833482546865,0.006977196771953304,0.7819686549250641,0.8093192662711209,10
heterogeneous,fast50,DFedSAM,34,0.7970853808123934,0.0256925485855767,0.008124697242495989,0.7811609742171013,0.8130097874076856,10
heterogeneous,fast50,DFedSAM,35,0.7942381786136097,0.023551011174667184,0.007447483651202589,0.7796411106572526,0.8088352465699667,10
heterogeneous,fast50,DFedSAM,36,0.7947601518221198,0.01681397086823163,0.005317044445533081,0.784338744708875,0.8051815589353646,10
heterogeneous,fast50,DFedSAM,37,0.8020470078486195,0.024878610931377363,0.007867307556431547,0.7866270850380137,0.8174669306592253,10
heterogeneous,fast50,DFedSAM,38,0.8121457753029182,0.01761611132789373,0.005570703531123746,0.8012271963819156,0.8230643542239208,10
heterogeneous,fast50,DFedSAM,39,0.8065493124320031,0.027801257017260217,0.008791529399028136,0.789317914809908,0.8237807100540983,10
heterogeneous,fast50,DFedSAM,40,0.8180571298152319,0.021361507610097977,0.006755101830292966,0.8048171302278577,0.8312971294026061,10
heterogeneous,fast50,DFedSAM,41,0.8333299692597789,0.020354548068258038,0.006436673263907583,0.82071408966252,0.8459458488570377,10
heterogeneous,fast50,DFedSAM,42,0.8182825282238404,0.02220589587846919,0.00702212084605082,0.8045191713655808,0.8320458850821,10
heterogeneous,fast50,DFedSAM,43,0.8272946037219808,0.023547421593759898,0.007446348526051342,0.8126997606109202,0.8418894468330415,10
heterogeneous,fast50,DFedSAM,44,0.8234144320196524,0.023197478438950845,0.00733568678397319,0.8090364859230649,0.8377923781162399,10
heterogeneous,fast50,DFedSAM,45,0.8165937030249386,0.029132129112578845,0.009212388108584895,0.7985374223321122,0.834649983717765,10
heterogeneous,fast50,DFedSAM,46,0.8307398955172178,0.026887759157477365,0.008502656011567843,0.8140746897345449,0.8474051012998908,10
heterogeneous,fast50,DFedSAM,47,0.8283656715257723,0.020576923141070017,0.006506994436400747,0.8156119624304269,0.8411193806211178,10
heterogeneous,fast50,DFedSAM,48,0.8283292313461535,0.02117803270306358,0.006697081970321331,0.8152029506843237,0.8414555120079834,10
heterogeneous,fast50,DFedSAM,49,0.8463207382868628,0.014877986386472537,0.004704832397823137,0.8370992667871294,0.8555422097865962,10
heterogeneous,fast50,DeceFL,0,0.150527546952636,0.026970960718421404,0.00852896665531429,0.13381077230822,0.16724432159705202,10
heterogeneous,fast50,DeceFL,1,0.1505705549269288,0.014601343318779823,0.004617350178542625,0.14152054857698526,0.15962056127687235,10
heterogeneous,fast50,DeceFL,2,0.17488102165122177,0.025926536448190828,0.008198690701565509,0.15881158787615338,0.19095045542629016,10
heterogeneous,fast50,DeceFL,3,0.16090940122814318,0.02073904569911568,0.006558262090752462,0.14805520753026835,0.173763594926018,10
heterogeneous,fast50,DeceFL,4,0.1484948539120004,0.014805941847912512,0.0046820499143405865,0.13931803607989285,0.15767167174410796,10
heterogeneous,fast50,DeceFL,5,0.14066945188172172,0.0,0.0,0.14066945188172172,0.14066945188172172,10
heterogeneous,fast50,DeceFL,6,0.14249220740007207,0.005764059055627891,0.0018227555183503326,0.1389196065841054,0.14606480821603873,10
heterogeneous,fast50,DeceFL,7,0.14249355682598486,0.00576832631504594,0.0018241049442631163,0.13891831113522915,0.14606880251674056,10
heterogeneous,fast50,DeceFL,8,0.1452204679521371,0.007328821941471067,0.0023175769900865804,0.1406780170515674,0.14976291885270682,10
heterogeneous,fast50,DeceFL,9,0.1748703690037971,0.023271264432343286,0.007359019963827015,0.16044668987469615,0.18929404813289805,10
heterogeneous,fast50,DeceFL,10,0.2645366221011791,0.043981154806675686,0.013908062331355765,0.2372768199317218,0.2917964242706364,10
heterogeneous,fast50,DeceFL,11,0.34506542481039604,0.024123188635663703,0.007628422051458705,0.330113717589537,0.36001713203125507,10
heterogeneous,fast50,DeceFL,12,0.39430369628488565,0.028428010013575804,0.008989726098897375,0.3766838331310468,0.4119235594387245,10
heterogeneous,fast50,DeceFL,13,0.43247266730285644,0.029545722886958108,0.00934317794389532,0.41416003853282163,0.45078529607289125,10
heterogeneous,fast50,DeceFL,14,0.47613790534037415,0.03742054114636391,0.011833414129855821,0.45294441364585675,0.49933139703489154,10
heterogeneous,fast50,DeceFL,15,0.5213112955468037,0.02682233954609031,0.008481968514005225,0.5046866372593535,0.5379359538342539,10
heterogeneous,fast50,DeceFL,16,0.5611774237011681,0.01995880336185088,0.006311527799487458,0.5488068292141727,0.5735480181881635,10
heterogeneous,fast50,DeceFL,17,0.5925766032071134,0.03117432649914435,0.009858187625903929,0.5732545554603417,0.6118986509538851,10
heterogeneous,fast50,DeceFL,18,0.6242618644614967,0.01807904952326627,0.005717097442450271,0.6130563534742941,0.6354673754486992,10
heterogeneous,fast50,DeceFL,19,0.6435723382908773,0.03094607790784412,0.009786009083780568,0.6243917604866674,0.6627529160950872,10
heterogeneous,fast50,DeceFL,20,0.6594157817597892,0.02414587254799362,0.007635595334379317,0.6444500149044058,0.6743815486151726,10
heterogeneous,fast50,DeceFL,21,0.6723771335160986,0.028204251204328488,0.008918967350522508,0.6548959575090745,0.6898583095231228,10
heterogeneous,fast50,DeceFL,22,0.6897558979862133,0.022881482616670907,0.007235760131022952,0.6755738081294083,0.7039379878430183,10
heterogeneous,fast50,DeceFL,23,0.7032116987123933,0.02678823493015395,0.008471183687496808,0.6866081786848995,0.7198152187398871,10
heterogeneous,fast50,DeceFL,24,0.7186453841354551,0.02694312210405468,0.008520163312484097,0.7019458640429863,0.7353449042279239,10
heterogeneous,fast50,DeceFL,25,0.7201144222002054,0.03333177377294501,0.010540432357597029,0.6994551747793152,0.7407736696210956,10
heterogeneous,fast50,DeceFL,26,0.7482151345656429,0.02758127903995853,0.008721966254693122,0.7311200807064444,0.7653101884248414,10
heterogeneous,fast50,DeceFL,27,0.7612684166244966,0.014203026964934685,0.0044913914877982054,0.7524652893084122,0.7700715439405811,10
heterogeneous,fast50,DeceFL,28,0.764309151658485,0.01794773400623036,0.005675571829854659,0.7531850308719699,0.7754332724450002,10
heterogeneous,fast50,DeceFL,29,0.7626579359378863,0.028079281409224912,0.008879448431397322,0.7452542170123476,0.780061654863425,10
heterogeneous,fast50,DeceFL,30,0.7800888314755313,0.018087483867523898,0.005719764616292678,0.7688780928275977,0.791299570123465,10
heterogeneous,fast50,DeceFL,31,0.7920929447604739,0.026991769497532892,0.008535546969046254,0.7753632727011432,0.8088226168198045,10
heterogeneous,fast50,DeceFL,32,0.7961992247022927,0.01677050800631624,0.005303300281804878,0.785804756149955,0.8065936932546303,10
heterogeneous,fast50,DeceFL,33,0.8098042245707215,0.014294703600016322,0.004520382185306012,0.8009442754875218,0.8186641736539213,10
heterogeneous,fast50,DeceFL,34,0.8048803602689913,0.018839987157758982,0.005957727050684039,0.7932032152496507,0.816557505288332,10
heterogeneous,fast50,DeceFL,35,0.8047507148404838,0.015138028847489661,0.004787065044340103,0.7953680673535771,0.8141333623273904,10
heterogeneous,fast50,DeceFL,36,0.8120066233289028,0.02133504273815741,0.006746732902961278,0.7987830268390987,0.8252302198187069,10
heterogeneous,fast50,DeceFL,37,0.8161951042258255,0.02856655572266215,0.009033538098972968,0.7984893695518385,0.8339008388998126,10
heterogeneous,fast50,DeceFL,38,0.8246667518093812,0.028847289491322394,0.009122313911481885,0.8067870165428768,0.8425464870758856,10
heterogeneous,fast50,DeceFL,39,0.8287876546684734,0.016505277576326298,0.0052194270554494744,0.8185575776397924,0.8390177316971543,10
heterogeneous,fast50,DeceFL,40,0.8208428082864383,0.016764737498892058,0.005301475487133346,0.8104519163316569,0.8312337002412197,10
heterogeneous,fast50,DeceFL,41,0.8234771921140187,0.016116283426983145,0.005096416304609069,0.813488216156985,0.8334661680710524,10
heterogeneous,fast50,DeceFL,42,0.8276181907797628,0.028461863976959278,0.009000431662108946,0.8099773447220293,0.8452590368374964,10
heterogeneous,fast50,DeceFL,43,0.8245215622562141,0.015506400590439581,0.004903554417676885,0.8149105955975674,0.8341325289148608,10
heterogeneous,fast50,DeceFL,44,0.8264613305003647,0.023390256929433743,0.007396648695354695,0.8119638990574696,0.8409587619432599,10
heterogeneous,fast50,DeceFL,45,0.8335400311209836,0.02364097061651582,0.007475931324530505,0.8188872057249038,0.8481928565170634,10
heterogeneous,fast50,DeceFL,46,0.8336418571813875,0.019460662111005608,0.006154001704571825,0.8215800138404268,0.8457037005223482,10
heterogeneous,fast50,DeceFL,47,0.8210917624814812,0.021853971343540494,0.006910832536563804,0.8075465307098162,0.8346369942531462,10
heterogeneous,fast50,DeceFL,48,0.8300212540963077,0.023032927273105824,0.007283651136402553,0.8157452978689587,0.8442972103236567,10
heterogeneous,fast50,DeceFL,49,0.843703109149069,0.016709731301496143,0.005284081000213755,0.83334631038865,0.8540599079094879,10
heterogeneous,fast50,FedAvg,0,0.17036525681213038,0.02693783286606447,0.008518490708570522,0.15366901502333216,0.1870614986009286,10
heterogeneous,fast50,FedAvg,1,0.17531286496593512,0.046529782823164195,0.014714009275417852,0.14647340678611614,0.2041523231457541,10
heterogeneous,fast50,FedAvg,2,0.16330528095439673,0.03845114316076153,0.012159319102521235,0.13947301551345512,0.18713754639533833,10
heterogeneous,fast50,FedAvg,3,0.15244630151338262,0.02211690474828704,0.006993979379758005,0.13873810192905692,0.16615450109770832,10
heterogeneous,fast50,FedAvg,4,0.14066945188172172,0.0,0.0,0.14066945188172172,0.14066945188172172,10
heterogeneous,fast50,FedAvg,5,0.14066945188172172,0.0,0.0,0.14066945188172172,0.14066945188172172,10
heterogeneous,fast50,FedAvg,6,0.14066945188172172,0.0,0.0,0.14066945188172172,0.14066945188172172,10
heterogeneous,fast50,FedAvg,7,0.14066945188172172,0.0,0.0,0.14066945188172172,0.14066945188172172,10
heterogeneous,fast50,FedAvg,8,0.14323277417897834,0.0059859367174108094,0.0018929193956649844,0.13952265216347498,0.1469428961944817,10
heterogeneous,fast50,FedAvg,9,0.17489654632767532,0.030341560123235814,0.009594843775236435,0.15609065252821192,0.19370244012713872,10
heterogeneous,fast50,FedAvg,10,0.2501420868292107,0.035267293826982446,0.011152497540366077,0.22828319165009317,0.2720009820083282,10
heterogeneous,fast50,FedAvg,11,0.3504423817447443,0.02869867064539887,0.009075316505847489,0.3326547613932832,0.3682300020962054,10
heterogeneous,fast50,FedAvg,12,0.4098705823197453,0.028657552440667013,0.009062313787822511,0.3921084472956132,0.4276327173438774,10
heterogeneous,fast50,FedAvg,13,0.4542187975524711,0.025847238885902957,0.008173614610592635,0.4381985129157095,0.47023908218923266,10
heterogeneous,fast50,FedAvg,14,0.4967336872655873,0.036100719036437606,0.011416049732494198,0.47435822978989867,0.5191091447412759,10
heterogeneous,fast50,FedAvg,15,0.5347778874307851,0.03327087488506129,0.010521174438328649,0.514156385531661,0.5553993893299093,10
heterogeneous,fast50,FedAvg,16,0.5826269651491831,0.0340363930593471,0.010763252540428342,0.5615309901699436,0.6037229401284226,10
heterogeneous,fast50,FedAvg,17,0.5988930232205376,0.028908381730910638,0.009141632973927841,0.580975422591639,0.6168106238494362,10
heterogeneous,fast50,FedAvg,18,0.6242641264408294,0.019571618502709096,0.0061890891964455075,0.6121335116157962,0.6363947412658626,10
heterogeneous,fast50,FedAvg,19,0.6383097165559868,0.023681631612633574,0.007488789460496842,0.6236316892134129,0.6529877438985606,10
heterogeneous,fast50,FedAvg,20,0.6530960748589527,0.023686900119698467,0.007490455508716217,0.638414782061869,0.6677773676560365,10
heterogeneous,fast50,FedAvg,21,0.67545393887061,0.023857069151471563,0.007544267681479071,0.6606671742149111,0.690240703526309,10
heterogeneous,fast50,FedAvg,22,0.6883318782146941,0.02882897808633067,0.009116523336788723,0.6704634924745883,0.7062002639548,10
heterogeneous,fast50,FedAvg,23,0.7106537257881083,0.0311859733883488,0.009861870695658099,0.6913244592246184,0.7299829923515981,10
heterogeneous,fast50,FedAvg,24,0.7209514791796903,0.025916897764062065,0.008195642682016129,0.7048880195229387,0.7370149388364419,10
heterogeneous,fast50,FedAvg,25,0.728455315073315,0.021851759195299768,0.0069101329938675415,0.7149114544053345,0.7419991757412954,10
heterogeneous,fast50,FedAvg,26,0.7327355377448086,0.020089990433009575,0.006353012793930264,0.7202836326687053,0.7451874428209119,10
heterogeneous,fast50,FedAvg,27,0.7384731621016084,0.02676271678119414,0.008463114140258361,0.721885458386702,0.7550608658165148,10
heterogeneous,fast50,FedAvg,28,0.7442230742860162,0.0178748571660515,0.0056525261494905325,0.7331441230330148,0.7553020255390176,10
heterogeneous,fast50,FedAvg,29,0.7620010910796482,0.026300624581771414,0.008316987756341106,0.7456997950772196,0.7783023870820768,10
heterogeneous,fast50,FedAvg,30,0.7858143982947932,0.0277038716953241,0.008760733456229448,0.7686433607205835,0.8029854358690028,10
heterogeneous,fast50,FedAvg,31,0.7787832614880954,0.037271122435049736,0.011786163784575827,0.7556823804703268,0.801884142505864,10
heterogeneous,fast50,FedAvg,32,0.7840751435143031,0.027012677879591152,0.008542158779995564,0.7673325123055118,0.8008177747230943,10
heterogeneous,fast50,FedAvg,33,0.796820182021715,0.019400143462960172,0.006134864027698057,0.7847958485274268,0.8088445155160032,10
heterogeneous,fast50,FedAvg,34,0.7925046998029845,0.028991278419035076,0.009167847208423627,0.7745357192744743,0.8104736803314948,10
heterogeneous,fast50,FedAvg,35,0.8007792863622061,0.025889632359217058,0.008187020603952447,0.7847327259784593,0.8168258467459528,10
heterogeneous,fast50,FedAvg,36,0.8024004476644805,0.027269570572829315,0.008623395382484318,0.7854985927148113,0.8193023026141497,10
heterogeneous,fast50,FedAvg,37,0.8044467036481553,0.014969990453695162,0.004733926638465411,0.7951682074367631,0.8137251998595475,10
heterogeneous,fast50,FedAvg,38,0.8127423659877332,0.01777412129872036,0.0056206706712066375,0.8017258514721682,0.8237588805032982,10
heterogeneous,fast50,FedAvg,39,0.8128783840390105,0.024675923585085958,0.007803212189713934,0.7975840881471712,0.8281726799308498,10
heterogeneous,fast50,FedAvg,40,0.828380141462492,0.03025190646075626,0.009566492797835299,0.8096298155787348,0.8471304673462491,10
heterogeneous,fast50,FedAvg,41,0.8198528545121281,0.028108065446295488,0.008888550743137097,0.8024312950555794,0.8372744139686767,10
heterogeneous,fast50,FedAvg,42,0.8323060354637128,0.023202679008131378,0.007337331348347166,0.8179248660209524,0.8466872049064733,10
heterogeneous,fast50,FedAvg,43,0.8272637486243747,0.020038576637269483,0.006336754324160929,0.8148437101490192,0.8396837870997301,10
heterogeneous,fast50,FedAvg,44,0.8337267679177082,0.014003888749163178,0.0044284184546962025,0.8250470677465036,0.8424064680889127,10
heterogeneous,fast50,FedAvg,45,0.8353127089807666,0.018511191899002532,0.0058537528605305585,0.8238393533741267,0.8467860645874065,10
heterogeneous,fast50,FedAvg,46,0.8364331520881751,0.02048579888684264,0.006478178417056473,0.8237359223907444,0.8491303817856058,10
heterogeneous,fast50,FedAvg,47,0.8357686776159031,0.01864332538770009,0.005895537138477398,0.8242134248244875,0.8473239304073188,10
heterogeneous,fast50,FedAvg,48,0.8384954695611029,0.011730362752472839,0.0037094664077816117,0.831224915401851,0.8457660237203548,10
heterogeneous,fast50,FedAvg,49,0.8466496478171047,0.018246153003110832,0.005769940202575157,0.8353405650200574,0.8579587306141521,10
homogeneous,,ASILO,0,0.1825568573142719,0.038292035187500253,0.012109004743581354,0.15882320801685246,0.20629050661169135,10
homogeneous,,ASILO,1,0.1893990606272299,0.02194852499600966,0.006940733026852861,0.17579522389459828,0.2030028973598615,10
homogeneous,,ASILO,2,0.17221266149659564,0.026463031233202153,0.008368345248909325,0.15581070480873338,0.1886146181844579,10
homogeneous,,ASILO,3,0.1483477975037843,0.012314412296998107,0.0038941590904899887,0.1407152456864239,0.15598034932114468,10
homogeneous,,ASILO,4,0.14688475148792893,0.008902702666700414,0.0028152817758028176,0.1413667992073554,0.15240270376850246,10
homogeneous,,ASILO,5,0.2021190681770956,0.03165251427169749,0.010009403876954977,0.18250063657826385,0.22173749977592735,10
homogeneous,,ASILO,6,0.33164043882187444,0.02586447706107079,0.008179065800216165,0.31560946985345073,0.34767140779029815,10
homogeneous,,ASILO,7,0.41946865147090656,0.04411934077553877,0.013951760571584211,0.39212320075060153,0.4468141021912116,10
homogeneous,,ASILO,8,0.46342625189548325,0.036074487009196625,0.011407754437121689,0.44106705319872475,0.48578545059224176,10
homogeneous,,ASILO,9,0.5109924496880411,0.026894856143506486,0.008504900275605284,0.4943228451478548,0.5276620542282275,10
homogeneous,,ASILO,10,0.5557711107904494,0.043853880056528766,0.013867814521446453,0.5285901943284144,0.5829520272524844,10
homogeneous,,ASILO,11,0.6069455520850083,0.03532780817964422,0.011171633858920265,0.5850491497215247,0.628841954448492,10
homogeneous,,ASILO,12,0.6518412408673464,0.024895845166892493,0.007872757500227505,0.6364106361669005,0.6672718455677923,10
homogeneous,,ASILO,13,0.6752746445122138,0.0358203089880134,0.011327376289312338,0.6530729869851616,0.6974763020392659,10
homogeneous,,ASILO,14,0.6971678026792937,0.04483959661958789,0.014179525468108436,0.6693759327618012,0.7249596725967862,10
homogeneous,,ASILO,15,0.7140343755946721,0.032178395361998346,0.010175702079331316,0.6940899995191827,0.7339787516701615,10
homogeneous,,ASILO,16,0.7501329844061047,0.027912290166495143,0.008826641163764512,0.7328327677251262,0.7674332010870831,10
homogeneous,,ASILO,17,0.7622073223720266,0.026315888962028605,0.008321814777209469,0.7458965654086961,0.7785180793353571,10
homogeneous,,ASILO,18,0.7739628370139016,0.028791062303467032,0.009104533313476975,0.7561179517194867,0.7918077223083164,10
homogeneous,,ASILO,19,0.7774398774624712,0.03307711915029944,0.01045990349517196,0.7569384666119342,0.7979412883130083,10
homogeneous,,ASILO,20,0.8026108470841258,0.02837305876626714,0.008972348988721117,0.7850250430662324,0.8201966511020191,10
homogeneous,,ASILO,21,0.793947024959101,0.031827898507675915,0.010064865242093005,0.7742198890845987,0.8136741608336032,10
homogeneous,,ASILO,22,0.8016230420083831,0.02849608746542684,0.009011254079412346,0.7839609840127348,0.8192851000040313,10
homogeneous,,ASILO,23,0.8040003297710678,0.03150650800583686,0.00996323264167741,0.7844723937933801,0.8235282657487556,10
homogeneous,,ASILO,24,0.8100315443350704,0.023508056939277128,0.007433900329304231,0.7954610996896341,0.8246019889805067,10
homogeneous,,ASILO,25,0.8208318611260197,0.027120951897929957,0.00857639803093251,0.8040221209853919,0.8376416012666474,10
homogeneous,,ASILO,26,0.8052247192526106,0.019093918151396366,0.006038027081524424,0.7933901861728228,0.8170592523323985,10
homogeneous,,ASILO,27,0.8359156212135662,0.012112734141089009,0.0038303828577924593,0.828408070812293,0.8434231716148395,10
homogeneous,,ASILO,28,0.8168706863992223,0.030730845573271052,0.009717946643443937,0.7978235109780722,0.8359178618203724,10
homogeneous,,ASILO,29,0.8280888695382924,0.018224927637624004,0.005763228152664366,0.8167929423590703,0.8393847967175145,10
homogeneous,,ASILO,30,0.8268509319115547,0.02411858486023743,0.0076269662098404105,0.8119020781402675,0.8417997856828419,10
homogeneous,,ASILO,31,0.8359026465153587,0.017562267128365314,0.00555367650019391,0.8250174405749786,0.8467878524557388,10
homogeneous,,ASILO,32,0.8342479752858951,0.02009483437351839,0.006354544582416085,0.8217930679043596,0.8467028826674307,10
homogeneous,,ASILO,33,0.8336112354105166,0.02994377096125697,0.009469051797198156,0.8150518938880082,0.852170576933025,10
homogeneous,,ASILO,34,0.837301281621874,0.020270540494716792,0.006410107736598139,0.8247374704581416,0.8498650927856064,10
homogeneous,,ASILO,35,0.8354308824295458,0.026867285120747837,0.008496181552671518,0.8187783665863096,0.8520833982727819,10
homogeneous,,ASILO,36,0.8400123235202164,0.0133223069662818,0.004212883370137851,0.8317550721147462,0.8482695749256866,10
homogeneous,,ASILO,37,0.8481721387049461,0.01864916645813215,0.005897384247131275,0.8366132655805688,0.8597310118293234,10
homogeneous,,ASILO,38,0.834506425788085,0.030995168793063837,0.009801532984745388,0.815295421137984,0.8537174304381859,10
homogeneous,,ASILO,39,0.8390073470149497,0.019733796064558932,0.006240374244527339,0.8267762134956761,0.8512384805342234,10
homogeneous,,ASILO,40,0.8391842080951802,0.019761537974316477,0.006249147006675008,0.8269358799620973,0.8514325362282632,10
homogeneous,,ASILO,41,0.8327228607076298,0.02421850571699791,0.0076585639591522665,0.8177120753476913,0.8477336460675683,10
homogeneous,,ASILO,42,0.8512849556304362,0.021732226109247015,0.00687233331309998,0.8378151823367602,0.8647547289241121,10
homogeneous,,ASILO,43,0.8434533257925265,0.017516484506240177,0.005539198763876886,0.8325964962153278,0.8543101553697252,10
homogeneous,,ASILO,44,0.8563432884764882,0.009250340794182592,0.0029252146042387833,0.8506098678521802,0.8620767091007963,10
homogeneous,,ASILO,45,0.8494761888656512,0.022259328217881368,0.007039017635376186,0.835679714300314,0.8632726634309885,10
homogeneous,,ASILO,46,0.8421053787009004,0.022538914824107546,0.00712743068327132,0.8281356145616886,0.8560751428401122,10
homogeneous,,ASILO,47,0.851336850916711,0.018761891934183973,0.005933031172596328,0.8397081098184221,0.8629655920149998,10
homogeneous,,ASILO,48,0.8566553748545159,0.01832781113870609,0.0057957627723715455,0.8452956798206677,0.8680150698883642,10
homogeneous,,ASILO,49,0.8452401086410533,0.016671163513506473,0.00527188479477757,0.8349072144432892,0.8555730028388173,10
homogeneous,,DFedSAM,0,0.16783286122332455,0.032885595138838125,0.010399338284888964,0.14745015818494217,0.18821556426170694,10
homogeneous,,DFedSAM,1,0.17792781180211417,0.033433593186824595,0.010572630483385314,0.15720545605467895,0.1986501675495494,10
homogeneous,,DFedSAM,2,0.18403179545878467,0.05698518903774449,0.01802029902545314,0.14871200936889653,0.21935158154867282,10
homogeneous,,DFedSAM,3,0.169474617488343,0.03830434234908303,0.012112896609794685,0.14573334013314543,0.19321589484354057,10
homogeneous,,DFedSAM,4,0.15874688550889643,0.02669972792236718,0.008443195314147563,0.1421982226931672,0.17529554832462566,10
homogeneous,,DFedSAM,5,0.14253823094633206,0.005363588074082942,0.0016961154745018029,0.13921384461630854,0.14586261727635558,10
homogeneous,,DFedSAM,6,0.1407304856508702,0.00019300572469413944,6.103376914848856e-05,0.14061085946333918,0.14085011183840124,10
homogeneous,,DFedSAM,7,0.14066945188172172,0.0,0.0,0.14066945188172172,0.14066945188172172,10
homogeneous,,DFedSAM,8,0.14347395920572817,0.006079592059452093,0.0019225358152542423,0.13970578900782984,0.1472421294036265,10
homogeneous,,DFedSAM,9,0.18557938546108546,0.029367611438321367,0.009286854158390902,0.1673771513106393,0.20378161961153163,10
homogeneous,,DFedSAM,10,0.25664770987538404,0.03422530590620137,0.010822992027960948,0.23543464550058057,0.2778607742501875,10
homogeneous,,DFedSAM,11,0.33521966542015547,0.05554895837247356,0.01756612301068964,0.30079006431920374,0.3696492665211072,10
homogeneous,,DFedSAM,12,0.4014900597559003,0.04781187980981846,0.015119443941324447,0.3718559496309044,0.4311241698808962,10
homogeneous,,DFedSAM,13,0.44939388323482676,0.038522082500052075,0.012181752091307793,0.4255176491358635,0.47327011733379004,10
homogeneous,,DFedSAM,14,0.49113053112903177,0.03500249943292953,0.011068762200680942,0.46943575721569714,0.5128253050423665,10
homogeneous,,DFedSAM,15,0.517416968470365,0.02902139257190634,0.009177370139711595,0.49942932299653026,0.5354046139441997,10
homogeneous,,DFedSAM,16,0.5742071381502595,0.04073498953214407,0.012881534738469197,0.5489593300628599,0.599454946237659,10
homogeneous,,DFedSAM,17,0.5962949136624405,0.02831857480680625,0.008955119647937047,0.5787428791524839,0.613846948172397,10
homogeneous,,DFedSAM,18,0.620394792323391,0.02397618273073388,0.0075819347025514626,0.6055342003063902,0.6352553843403919,10
homogeneous,,DFedSAM,19,0.6476240299876332,0.026735542972232636,0.008454521027356297,0.6310531687740148,0.6641948912012516,10
homogeneous,,DFedSAM,20,0.6485089147549533,0.01817033039331015,0.005745962988064321,0.6372468272983473,0.6597710022115594,10
homogeneous,,DFedSAM,21,0.6661649937510296,0.016770267087240272,0.005303224096503694,0.6557706745218823,0.6765593129801768,10
homogeneous,,DFedSAM,22,0.6719143816882684,0.019549858190383417,0.00618220798149093,0.6597972540445463,0.6840315093319906,10
homogeneous,,DFedSAM,23,0.7098248625690942,0.017198485420176726,0.005438638623295644,0.6991651308674347,0.7204845942707536,10
homogeneous,,DFedSAM,24,0.7277428137202946,0.024159022868673212,0.007639753830910229,0.7127688962117106,0.7427167312288786,10
homogeneous,,DFedSAM,25,0.7398456850412852,0.013369039785379332,0.004227661585120732,0.7315594683344486,0.7481319017481218,10
homogeneous,,DFedSAM,26,0.7445681697429558,0.017128876910607174,0.005416626479818703,0.7339515818425112,0.7551847576434004,10
homogeneous,,DFedSAM,27,0.7645304823647183,0.011515083419909202,0.003641389105375417,0.7573933597181826,0.7716676050112541,10
homogeneous,,DFedSAM,28,0.7680092789644662,0.01616153770176311,0.005110726962825449,0.7579922541173284,0.7780263038116041,10
homogeneous,,DFedSAM,29,0.7822782260427488,0.02183377467845334,0.006904445790282303,0.7687455122937955,0.795810939791702,10
homogeneous,,DFedSAM,30,0.7823055537271203,0.015108191574979656,0.004777629670310229,0.7729413995733122,0.7916697078809284,10
homogeneous,,DFedSAM,31,0.7836974994670073,0.020374443728343367,0.006442964824049797,0.7710692884118697,0.7963257105221448,10
homogeneous,,DFedSAM,32,0.7908523855083579,0.018933232677659145,0.0059872138731331456,0.779117446317017,0.8025873246996988,10
homogeneous,,DFedSAM,33,0.7842998994884276,0.02038142009693875,0.006445170945505624,0.7716673644352365,0.7969324345416187,10
homogeneous,,DFedSAM,34,0.8007248615829262,0.012591924607082503,0.003981916188350149,0.7929203058537599,0.8085294173120925,10
homogeneous,,DFedSAM,35,0.8036390096857048,0.009456316909369067,0.002990349970997029,0.7977779237425506,0.8095000956288589,10
homogeneous,,DFedSAM,36,0.8037997237579845,0.018447399958818035,0.005833580077796135,0.792365906805504,0.8152335407104649,10
homogeneous,,DFedSAM,37,0.8008788803868274,0.02224971391486897,0.007035977325812767,0.7870883648282344,0.8146693959454204,10
homogeneous,,DFedSAM,38,0.8112718367396141,0.016562455733407786,0.005237508376328313,0.8010063203220106,0.8215373531572177,10
homogeneous,,DFedSAM,39,0.8186981976633904,0.017663043708307888,0.005585544852935968,0.8077505297516359,0.8296458655751449,10
homogeneous,,DFedSAM,40,0.8165844292663765,0.01628057660985457,0.005148370370800295,0.806493623339608,0.8266752351931451,10
homogeneous,,DFedSAM,41,0.8228367228211864,0.018371933955050018,0.005809715632014357,0.8114496801824382,0.8342237654599345,10
homogeneous,,DFedSAM,42,0.8301841564003674,0.02279150978887325,0.007207308224686281,0.8160578322799823,0.8443104805207524,10
homogeneous,,DFedSAM,43,0.8232698022294086,0.02280699304407501,0.007212204459889402,0.8091338814880253,0.8374057229707919,10
homogeneous,,DFedSAM,44,0.8247955354870241,0.014116202093003872,0.004463935052512826,0.816046222784099,0.8335448481899492,10
homogeneous,,DFedSAM,45,0.8302279256272026,0.017490692128271503,0.00553104249781159,0.8193870823314919,0.8410687689229133,10
homogeneous,,DFedSAM,46,0.8334425848028877,0.02233214058703806,0.007062042928213001,0.8196009806635902,0.8472841889421852,10
homogeneous,,DFedSAM,47,0.8290208096295949,0.013636131718312308,0.004312123470393246,0.8205690476276242,0.8374725716315656,10
homogeneous,,DFedSAM,48,0.8323694476738044,0.025977227733947603,0.008214720693616895,0.8162685951143153,0.8484703002332935,10
homogeneous,,DFedSAM,49,0.8511958325543937,0.015896017988293244,0.005026762257001442,0.8413433785306709,0.8610482865781165,10
homogeneous,,DeceFL,0,0.18215031997811387,0.02330042259717629,0.007368240585153306,0.1677085684312134,0.19659207152501434,10
homogeneous,,DeceFL,1,0.14760991974664767,0.02131894647497125,0.006741642817612701,0.13439629982412676,0.16082353966916857,10
homogeneous,,DeceFL,2,0.17741629256406288,0.028487720090749704,0.00900860808321077,0.15975942072096977,0.195073164407156,10
homogeneous,,DeceFL,3,0.16117818226196082,0.02387309713847997,0.007549336176004486,0.14638148335699203,0.1759748811669296,10
homogeneous,,DeceFL,4,0.14096401987035262,0.000931505769848142,0.0002945679886308727,0.1403866666126361,0.14154137312806914,10
homogeneous,,DeceFL,5,0.14066945188172172,0.0,0.0,0.14066945188172172,0.14066945188172172,10
homogeneous,,DeceFL,6,0.14066945188172172,0.0,0.0,0.14066945188172172,0.14066945188172172,10
homogeneous,,DeceFL,7,0.14066945188172172,0.0,0.0,0.14066945188172172,0.14066945188172172,10
homogeneous,,DeceFL,8,0.14775575984420558,0.011831217923117832,0.003741359613085925,0.14042269500255716,0.155088824685854,10
homogeneous,,DeceFL,9,0.19674278726085154,0.032111747348816465,0.010154626127013348,0.17683972005190537,0.2166458544697977,10
homogeneous,,DeceFL,10,0.284996297066723,0.03458071959662989,0.010935383705296958,0.26356294500434096,0.3064296491291051,10
homogeneous,,DeceFL,11,0.36065337127732816,0.040253380483887394,0.012729236585045493,0.335704067570639,0.38560267498401735,10
homogeneous,,DeceFL,12,0.4060589970392409,0.02864814173825991,0.009059337862423663,0.38830269482889057,0.42381529924959127,10
homogeneous,,DeceFL,13,0.45628516847074707,0.03361685300886335,0.010630582327509273,0.4354492271088289,0.47712110983266526,10
homogeneous,,DeceFL,14,0.48955174402996543,0.037527428971077394,0.011867215027879366,0.4662920025753219,0.512811485484609,10
homogeneous,,DeceFL,15,0.5268871681211493,0.026727902510193406,0.008452104901114295,0.5103210425149654,0.5434532937273333,10
homogeneous,,DeceFL,16,0.5673792508643426,0.026331906416705953,0.008326879941119364,0.5510585661797487,0.5836999355489365,10
homogeneous,,DeceFL,17,0.5993428608123288,0.022592499751904985,0.0071443757252808784,0.5853398843907782,0.6133458372338794,10
homogeneous,,DeceFL,18,0.6236779212389274,0.02659980309130269,0.00841159630805043,0.6071911924751485,0.6401646500027063,10
homogeneous,,DeceFL,19,0.644359265713018,0.016904888176716926,0.00534579502288765,0.6338815074681583,0.6548370239578778,10
homogeneous,,DeceFL,20,0.6588585348759453,0.028981331383597073,0.009164701679628576,0.6408957195838733,0.6768213501680173,10
homogeneous,,DeceFL,21,0.6617747235136009,0.023513811431407856,0.007435720059495292,0.6472007121969902,0.6763487348302116,10
homogeneous,,DeceFL,22,0.6792755465502555,0.028216091351716075,0.008922711533880195,0.6617870319438502,0.6967640611566607,10
homogeneous,,DeceFL,23,0.6857141130651871,0.021852812090435148,0.0069104659485440525,0.6721695998060409,0.6992586263243334,10
homogeneous,,DeceFL,24,0.7161719596201732,0.02280696300518961,0.007212194960759778,0.7020360574970841,0.7303078617432623,10
homogeneous,,DeceFL,25,0.7237194997144875,0.028118102178921023,0.008891724636673377,0.7062917194266076,0.7411472800023673,10
homogeneous,,DeceFL,26,0.7347331537606391,0.02799574000702071,0.008853030320408373,0.7173812143326387,0.7520850931886395,10
homogeneous,,DeceFL,27,0.7367979525048913,0.017658364880420458,0.005584065277645549,0.725853184560706,0.7477427204490766,10
homogeneous,,DeceFL,28,0.7563406660516157,0.02965963262256998,0.009379199365115432,0.7379574352959895,0.7747238968072419,10
homogeneous,,DeceFL,29,0.7701026366918251,0.02150317235768505,0.006799900156945765,0.7567748323842114,0.7834304409994388,10
homogeneous,,DeceFL,30,0.7882055237097206,0.016456250369916166,0.005203923291492352,0.7780058340583956,0.7984052133610456,10
homogeneous,,DeceFL,31,0.7833831161928584,0.02284436338958838,0.007224022000766372,0.7692240330713563,0.7975421993143604,10
homogeneous,,DeceFL,32,0.7881848357018726,0.01996906428000267,0.006314772586711879,0.7758078814319173,0.8005617899718279,10
homogeneous,,DeceFL,33,0.7905223439579904,0.020655548793144855,0.00653185805070799,0.7777199021786028,0.803324785737378,10
homogeneous,,DeceFL,34,0.7999863802313233,0.02609147655304121,0.008250849342448928,0.7838147155201234,0.8161580449425232,10
homogeneous,,DeceFL,35,0.803294053707701,0.022462097562579077,0.007103138932266642,0.7893719014004584,0.8172162060149436,10
homogeneous,,DeceFL,36,0.8123636415092663,0.023177611397684785,0.00732940427389626,0.7979980091324297,0.826729273886103,10
homogeneous,,DeceFL,37,0.8134414451716884,0.02858369797270501,0.009038958954408524,0.7957250856210477,0.831157804722329,10
homogeneous,,DeceFL,38,0.8161161089882398,0.020428922663502058,0.006460192576010006,0.8034541315392603,0.8287780864372194,10
homogeneous,,DeceFL,39,0.816355205488577,0.024955786926562366,0.007891712748979027,0.8008874485005781,0.8318229624765758,10
homogeneous,,DeceFL,40,0.8156351866434053,0.028148532263463793,0.00890134747432804,0.7981885455937223,0.8330818276930883,10
homogeneous,,DeceFL,41,0.8205862988285275,0.020744561308793652,0.006560006279679148,0.8077286865203563,0.8334439111366987,10
homogeneous,,DeceFL,42,0.8214738590892482,0.017829710717223328,0.0056382495888340056,0.8104228898951336,0.8325248282833628,10
homogeneous,,DeceFL,43,0.8242022553595933,0.01724812863873444,0.005454337187398035,0.8135117544722932,0.8348927562468935,10
homogeneous,,DeceFL,44,0.8261298365587584,0.026396636557117086,0.008347349408815532,0.8097690317174799,0.8424906414000368,10
homogeneous,,DeceFL,45,0.8372655817975889,0.020288764004795137,0.0064158705164792,0.8246904755852897,0.8498406880098881,10
homogeneous,,DeceFL,46,0.8311572565297471,0.02208429119612611,0.006983666069016281,0.8174692710344752,0.8448452420250191,10
homogeneous,,DeceFL,47,0.8377420152293853,0.027444566933913946,0.008678734090811185,0.8207316964113953,0.8547523340473753,10
homogeneous,,DeceFL,48,0.8385230368351027,0.02292241854001532,0.0072487052066119925,0.8243155746301432,0.8527304990400622,10
homogeneous,,DeceFL,49,0.8382304347540106,0.020551769063060783,0.006499040018505674,0.8254923163177394,0.8509685531902818,10
homogeneous,,FedAvg,0,0.17497860030409343,0.030254366589705133,0.009567270758916913,0.15622674961661628,0.19373045099157057,10
homogeneous,,FedAvg,1,0.18932812318588085,0.05123135382296404,0.016200776569454105,0.1575746011097508,0.2210816452620109,10
homogeneous,,FedAvg,2,0.19694571571889083,0.05108607933465263,0.01615483674255615,0.16528223570348077,0.22860919573430089,10
homogeneous,,FedAvg,3,0.168462473597217,0.03801279136186736,0.012020700092427469,0.14490190141605916,0.19202304577837484,10
homogeneous,,FedAvg,4,0.14416617578505966,0.0073064412404347905,0.002310499590995988,0.13963759658670752,0.1486947549834118,10
homogeneous,,FedAvg,5,0.14222889199704092,0.0058379052669761365,0.0018461077407937953,0.13861052082508507,0.14584726316899677,10
homogeneous,,FedAvg,6,0.14051657480185392,0.00048343977441767637,0.00015287707986778585,0.14021693572531307,0.14081621387839477,10
homogeneous,,FedAvg,7,0.14219796023402886,0.004833567815881568,0.0015285083523071147,0.1392020838635069,0.14519383660455082,10
homogeneous,,FedAvg,8,0.14477125125789347,0.0071230509200813545,0.0022525064796815085,0.14035633855771773,0.14918616395806922,10
homogeneous,,FedAvg,9,0.1854271612451585,0.028014785127562794,0.008859052916330918,0.1680634175291499,0.2027909049611671,10
homogeneous,,FedAvg,10,0.2785444922947259,0.0284073498051952,0.008983192767355734,0.26093743447070866,0.2961515501187431,10
homogeneous,,FedAvg,11,0.3415614983205201,0.03265639425148145,0.010326858600311087,0.3213208554639103,0.36180214117712983,10
homogeneous,,FedAvg,12,0.39261625212498297,0.03696059911524821,0.011687967688858858,0.3697078354548196,0.4155246687951463,10
homogeneous,,FedAvg,13,0.43533579130961275,0.02547731261077809,0.008056633651018968,0.41954478935361555,0.45112679326560995,10
homogeneous,,FedAvg,14,0.4732801669168058,0.029341509019243903,0.0092785998487184,0.4550941112133177,0.4914662226202939,10
homogeneous,,FedAvg,15,0.5058428405983635,0.030005556043557334,0.009488589955747166,0.48724520428509904,0.524440476911628,10
homogeneous,,FedAvg,16,0.5444696260715876,0.03620994375262725,0.011450589620488671,0.5220264704154297,0.5669127817277454,10
homogeneous,,FedAvg,17,0.5911206844884529,0.022135863344429376,0.006999974614262912,0.5774007342444976,0.6048406347324082,10
homogeneous,,FedAvg,18,0.616149247501203,0.031156275196154597,0.009852479302685787,0.5968383880679389,0.6354601069344672,10
homogeneous,,FedAvg,19,0.6309139946044094,0.024812590281861117,0.007846429993924044,0.6155349918163183,0.6462929973925006,10
homogeneous,,FedAvg,20,0.6461631766315985,0.019766402500657098,0.0062506853049724325,0.6339118334338525,0.6584145198293445,10
homogeneous,,FedAvg,21,0.6457645681489416,0.029858765106267678,0.00944217058557654,0.6272579138012115,0.6642712224966716,10
homogeneous,,FedAvg,22,0.6652357891238484,0.035163945515966216,0.011119815934851802,0.6434409498915389,0.6870306283561579,10
homogeneous,,FedAvg,23,0.6879711306500976,0.021010118513944204,0.006643982841413583,0.674948924280927,0.7009933370192682,10
homogeneous,,FedAvg,24,0.6993349850636769,0.032133889379595576,0.010161628051941703,0.6794181940818711,0.7192517760454826,10
homogeneous,,FedAvg,25,0.7264006047824418,0.023498924512528607,0.007431012402395233,0.7118358204737472,0.7409653890911365,10
homogeneous,,FedAvg,26,0.7329401477015639,0.03285212633458704,0.01038875451968939,0.7125781888429727,0.7533021065601551,10
homogeneous,,FedAvg,27,0.745852260132712,0.01977755028574313,0.006254210544146224,0.7335940074661854,0.7581105127992386,10
homogeneous,,FedAvg,28,0.7577550788791282,0.018274904912338893,0.005779032354599065,0.746428175464114,0.7690819822941424,10
homogeneous,,FedAvg,29,0.7739947096115234,0.01867279633481536,0.005904856670246061,0.7624211905378411,0.7855682286852057,10
homogeneous,,FedAvg,30,0.7693402660013601,0.015105289077127661,0.004776711819898623,0.7599779108343587,0.7787026211683614,10
homogeneous,,FedAvg,31,0.7821183641495838,0.022551676443423242,0.007131466261638281,0.7681406902767728,0.7960960380223948,10
homogeneous,,FedAvg,32,0.7661716183818815,0.027280808364808777,0.008626949084336944,0.7492627981765811,0.7830804385871819,10
homogeneous,,FedAvg,33,0.7915061737689475,0.027863949927033515,0.008811354637830842,0.774235918678799,0.808776428859096,10
homogeneous,,FedAvg,34,0.7911572486508752,0.01998026266951123,0.006318313828409159,0.7787733535471932,0.8035411437545572,10
homogeneous,,FedAvg,35,0.7995724215354432,0.022281533948698445,0.007046039704025242,0.7857621837155537,0.8133826593553326,10
homogeneous,,FedAvg,36,0.8033566821379144,0.0171373439244398,0.005419303984687827,0.7927348463279263,0.8139785179479025,10
homogeneous,,FedAvg,37,0.7923895870581485,0.024800311067455096,0.007842546965383985,0.7770181950059959,0.8077609791103012,10
homogeneous,,FedAvg,38,0.8141995099823195,0.018761236007033662,0.005932823750218915,0.8025711754318904,0.8258278445327486,10
homogeneous,,FedAvg,39,0.8012486286612882,0.02017049109535299,0.006378469338545999,0.788746828757738,0.8137504285648384,10
homogeneous,,FedAvg,40,0.8246653181664498,0.012740463959219902,0.0040288884558421474,0.8167686967929992,0.8325619395399004,10
homogeneous,,FedAvg,41,0.8139213270166176,0.011942128967375674,0.003776432764838177,0.8065195187975347,0.8213231352357004,10
homogeneous,,FedAvg,42,0.8240111477421175,0.02160922889315333,0.006833438178228385,0.8106176089127899,0.8374046865714451,10
homogeneous,,FedAvg,43,0.8331102196235929,0.017692907074061435,0.005594988478373955,0.8221440422059799,0.8440763970412059,10
homogeneous,,FedAvg,44,0.8303702594290374,0.02079875514058852,0.0065771438740395306,0.81747905743592,0.8432614614221549,10
homogeneous,,FedAvg,45,0.8305108595655497,0.014695317169709616,0.004647067319486153,0.8214026076193568,0.8396191115117426,10
homogeneous,,FedAvg,46,0.8320447374964367,0.01688687761492806,0.0053400995831684485,0.8215781423134265,0.8425113326794469,10
homogeneous,,FedAvg,47,0.8313450826202636,0.018398097975440814,0.005817989421732557,0.8199418233536678,0.8427483418868594,10
homogeneous,,FedAvg,48,0.8347026298318824,0.01564782510239445,0.004948276775152395,0.8250040073525837,0.844401252311181,10
homogeneous,,FedAvg,49,0.8419406723452753,0.02200434784092343,0.0069583857603926465,0.8283022362549056,0.8555791084356449,10
