block,label,method,round,n,f1_mean,f1_std,f1_var,ci_low,ci_high,bytes_cum_mean
heterogeneous,fast25,ASILO,0,10,0.31046848786079584,0.022792492264310262,0.0005194977036186431,0.296341554795826,0.32459542092576565,0.0
heterogeneous,fast25,ASILO,1,10,0.32709217981293226,0.022813802465331608,0.0005204695829271706,0.3129520385485282,0.3412323210773363,7736.7
heterogeneous,fast25,ASILO,2,10,0.3451218712474749,0.021539987659499524,0.0004639710683713918,0.33177124857939105,0.35847249391555874,20868.9
heterogeneous,fast25,ASILO,3,10,0.3593457534884908,0.025576253070277107,0.0006541447211148592,0.34349342760036056,0.37519807937662103,38316.9
heterogeneous,fast25,ASILO,4,10,0.3621632803710002,0.01964882782345262,0.0003860764348356858,0.3499848107131788,0.37434175002882164,61160.8
heterogeneous,fast25,ASILO,5,10,0.3616119447063245,0.020743687994118264,0.0004303005915973262,0.3487548736841971,0.3744690157284519,88321.1
heterogeneous,fast25,ASILO,6,10,0.36485102507646855,0.022939657820909856,0.0005262279009404308,0.3506328778545104,0.3790691722984267,120514.2
heterogeneous,fast25,ASILO,7,10,0.3758776741634577,0.029342006689013968,0.0008609533565381404,0.3576913100010504,0.39406403832586495,157201.0
heterogeneous,fast25,ASILO,8,10,0.3740806118800596,0.032279806889011664,0.0010419859327918848,0.3540733802889241,0.3940878434711951,198020.4
heterogeneous,fast25,ASILO,9,10,0.372873300148078,0.029748186106197387,0.0008849545766089552,0.3544351833746628,0.39131141692149324,242794.1
heterogeneous,fast25,ASILO,10,10,0.377166695597893,0.0269760703899845,0.0007277083736853986,0.360446753946231,0.393886637249555,292599.3
heterogeneous,fast25,ASILO,11,10,0.37500234971740154,0.027154502697339794,0.0007373670167398342,0.35817181457585673,0.39183288485894635,346179.7
heterogeneous,fast25,ASILO,12,10,0.37497801628446614,0.031679306003369684,0.0010035784288551345,0.35534297899830375,0.39461305357062854,403714.1
heterogeneous,fast25,ASILO,13,10,0.37136209869204284,0.02440122817653277,0.0005954199365232169,0.35623806077835196,0.3864861366057337,466098.9
heterogeneous,fast25,ASILO,14,10,0.37685903298104223,0.029643388888877787,0.000878730504817243,0.3584858701958658,0.39523219576621865,532799.3
heterogeneous,fast25,ASILO,15,10,0.38222575324540475,0.028169526119358815,0.0007935222017892385,0.36476610006902827,0.39968540642178124,603631.2
heterogeneous,fast25,ASILO,16,10,0.37395672407290415,0.023339330984786518,0.0005447243708174161,0.3594908568575168,0.3884225912882915,678597.0
heterogeneous,fast25,ASILO,17,10,0.3734529219502473,0.026303364687939777,0.0006918669939067572,0.3571499276124203,0.3897559162880743,757693.3
heterogeneous,fast25,ASILO,18,10,0.37598009849224123,0.026438232725975196,0.0006989801496728259,0.3595935120783992,0.3923666849060833,840202.5
heterogeneous,fast25,ASILO,19,10,0.3751722863708561,0.031393813684149674,0.0009855715376351033,0.3557141990574046,0.3946303736843076,926844.0
heterogeneous,fast25,ASILO,20,10,0.37919365711575753,0.0298807885148571,0.000892861522269616,0.36067335251796284,0.3977139617135522,1017619.5
heterogeneous,fast25,ASILO,21,10,0.38045113270698705,0.028502692191001336,0.0008124034621349685,0.3627849810600162,0.3981172843539579,1112709.4
heterogeneous,fast25,ASILO,22,10,0.3770872767416722,0.027408259666948633,0.0007512126979708831,0.3600994614008906,0.3940750920824538,1211573.2
heterogeneous,fast25,ASILO,23,10,0.3783061601261562,0.027824591886604976,0.0007742079136561235,0.3610602994021988,0.3955520208501136,1314031.3
heterogeneous,fast25,ASILO,24,10,0.3778705459747064,0.027266706964433864,0.0007434733086843062,0.360970465907909,0.39477062604150376,1419365.8
heterogeneous,fast25,ASILO,25,10,0.3788746968479276,0.03366278127004459,0.0011331828428348646,0.35801028885480585,0.3997391048410493,1528113.9
heterogeneous,fast25,ASILO,26,10,0.3792234796054178,0.03003031237118736,0.0009018196611110885,0.36061049916131815,0.39783646004951745,1640278.6
heterogeneous,fast25,ASILO,27,10,0.37808925372032415,0.03415385189377854,0.0011664855991821601,0.3569204770012547,0.3992580304393936,1755675.5
heterogeneous,fast25,ASILO,28,10,0.3785415194759899,0.029124566815162282,0.0008482403921708521,0.3604899259436628,0.396593113008317,1874663.7
heterogeneous,fast25,ASILO,29,10,0.3807964932480684,0.029209254476821617,0.0008531805470917237,0.36269240975923206,0.39890057673690477,1997603.2
heterogeneous,fast25,ASILO,30,10,0.37593473878334394,0.025122911390307395,0.000631160676725237,0.360363396979544,0.39150608058714387,2123779.3
heterogeneous,fast25,ASILO,31,10,0.3783599798400104,0.029715179691787018,0.0008829919041151916,0.35994232065419385,0.39677763902582697,2253730.5
heterogeneous,fast25,ASILO,32,10,0.3760595600692539,0.02675163896526274,0.0007156501873277636,0.3594787224557968,0.392640397682711,2387454.6
heterogeneous,fast25,ASILO,33,10,0.37442281384843656,0.03251299075865608,0.0010570945680724558,0.3542710533975302,0.39457457429934295,2524771.7
heterogeneous,fast25,ASILO,34,10,0.37304521022118386,0.02471439845234597,0.000610801490861321,0.35772706735955456,0.38836335308281317,2665324.0
heterogeneous,fast25,ASILO,35,10,0.3764250049115519,0.027827467685111,0.000774367957765897,0.35917736174921383,0.39367264807388996,2809651.2
heterogeneous,fast25,ASILO,36,10,0.37629341254352205,0.02852180770894593,0.0008134935149860874,0.3586154129757809,0.3939714121112632,2957034.8
heterogeneous,fast25,ASILO,37,10,0.37423463481810326,0.029878756809759946,0.0008927401084967764,0.35571558948417414,0.3927536801520324,3107473.3
heterogeneous,fast25,ASILO,38,10,0.374099853736788,0.028026530925177113,0.000785486435699909,0.35672882989999366,0.39147087757358234,3261507.9
heterogeneous,fast25,ASILO,39,10,0.37802578168707657,0.03014460819279326,0.0009086974030970185,0.3593419599588072,0.39670960341534595,3419496.6
heterogeneous,fast25,ASILO,40,10,0.3737286522230853,0.02810339253386158,0.0007898006719123068,0.35630998906766975,0.3911473153785009,3580002.6
heterogeneous,fast25,ASILO,41,10,0.37570285439233436,0.029411346363356936,0.0008650272949053493,0.357473513054512,0.3939321957301567,3744104.4
heterogeneous,fast25,ASILO,42,10,0.3772597227959006,0.029794049476078704,0.0008876853841830257,0.3587931796113262,0.395726265980475,3911985.6
heterogeneous,fast25,ASILO,43,10,0.37730453661698765,0.02956657004713668,0.0008741820643522399,0.3589789866432063,0.395630086590769,4082745.4
heterogeneous,fast25,ASILO,44,10,0.37868349896584536,0.03062119022488708,0.0009376572907887201,0.3597042886337637,0.397662709297927,4256382.9
heterogeneous,fast25,ASILO,45,10,0.3785355921782647,0.030474086194179986,0.0009286699293703112,0.35964755786902813,0.3974236264875013,4432177.0
heterogeneous,fast25,ASILO,46,10,0.3792103677472625,0.029197680404424758,0.0008525045409989295,0.3611134579428194,0.39730727755170564,4610846.6
heterogeneous,fast25,ASILO,47,10,0.37855339492545337,0.02929785883917656,0.0008583645325603162,0.360394393883866,0.3967123959670407,4791853.0
heterogeneous,fast25,ASILO,48,10,0.3753602642210899,0.03210704523171492,0.0010308623535113877,0.35546011141451744,0.3952604170276624,4975377.3
heterogeneous,fast25,ASILO,49,10,0.37563454400959967,0.03398946882823599,0.0011552839912256259,0.3545676529701217,0.3967014350490776,5162141.8
heterogeneous,fast25,DFedSAM,0,10,0.28937197556687666,0.02529772137750826,0.0006399747068940384,0.273692285410486,0.3050516657232673,15600.0
heterogeneous,fast25,DFedSAM,1,10,0.30073388171787147,0.017461430078779445,0.0003049015403961035,0.28991117522833904,0.3115565882074039,46800.0
heterogeneous,fast25,DFedSAM,2,10,0.31977076095959645,0.026030871904781903,0.0006776062921231639,0.30363665939855394,0.33590486252063895,93600.0
heterogeneous,fast25,DFedSAM,3,10,0.32757431629514866,0.024844035536272596,0.0006172261017275756,0.31217582353645096,0.34297280905384636,156000.0
heterogeneous,fast25,DFedSAM,4,10,0.3335205218724231,0.02404325878587421,0.0005780782930445175,0.31861835568572455,0.34842268805912163,234000.0
heterogeneous,fast25,DFedSAM,5,10,0.33311578428456023,0.023829507156144538,0.0005678454113047437,0.31834610273055136,0.3478854658385691,327600.0
heterogeneous,fast25,DFedSAM,6,10,0.33239176967172124,0.02476744874760967,0.0006134265174654718,0.3170407458964307,0.34774279344701176,436800.0
heterogeneous,fast25,DFedSAM,7,10,0.336663248922935,0.02494686682778981,0.0006223461645234797,0.3212010206694348,0.35212547717643516,561600.0
heterogeneous,fast25,DFedSAM,8,10,0.3424781835262481,0.029110746205977193,0.0008474355446688156,0.32443515609624146,0.3605212109562547,702000.0
heterogeneous,fast25,DFedSAM,9,10,0.35231456897274044,0.030846493656782308,0.0009515061709179112,0.33319571412680826,0.3714334238186726,858000.0
heterogeneous,fast25,DFedSAM,10,10,0.36110782636489,0.03602645343157048,0.0012979053468571164,0.3387783991879867,0.38343725354179337,1029600.0
heterogeneous,fast25,DFedSAM,11,10,0.36104479600917055,0.03159239224474594,0.0009980792477458835,0.34146362842871053,0.3806259635896306,1216800.0
heterogeneous,fast25,DFedSAM,12,10,0.3671353454734828,0.02832423417917618,0.0008022622418368122,0.34957980324819027,0.38469088769877535,1419600.0
heterogeneous,fast25,DFedSAM,13,10,0.36159925300351786,0.028927552892544194,0.000836803316350942,0.3436697699655333,0.37952873604150245,1638000.0
heterogeneous,fast25,DFedSAM,14,10,0.35896838011196924,0.03213160319960993,0.001032439924177183,0.3390530061191991,0.3788837541047394,1872000.0
heterogeneous,fast25,DFedSAM,15,10,0.373474742859059,0.030198568736219424,0.0009119535537161692,0.3547574760394723,0.39219200967864576,2121600.0
heterogeneous,fast25,DFedSAM,16,10,0.3705813953742263,0.026738684081878922,0.0007149572264305253,0.3540085872806789,0.3871542034677737,2386800.0
heterogeneous,fast25,DFedSAM,17,10,0.3668918250031393,0.031704178155520894,0.0010051549125170082,0.3472413717973597,0.38654227820891895,2667600.0
heterogeneous,fast25,DFedSAM,18,10,0.37141744338458044,0.03402394184457745,0.0011576286186431885,0.35032918574820926,0.3925057010209516,2964000.0
heterogeneous,fast25,DFedSAM,19,10,0.3703289378028953,0.03265430145935586,0.0010663034037984905,0.35008959207228363,0.3905682835335069,3276000.0
heterogeneous,fast25,DFedSAM,20,10,0.3711349211530489,0.033609810104945216,0.0011296193352904776,0.3503033450282044,0.3919664972778934,3603600.0
heterogeneous,fast25,DFedSAM,21,10,0.37140488438067554,0.032242890204004934,0.0010396039687075173,0.35142053398796375,0.39138923477338733,3946800.0
heterogeneous,fast25,DFedSAM,22,10,0.36903389188875446,0.03264595011921423,0.0010657580591862236,0.3487997223723898,0.3892680614051191,4305600.0
heterogeneous,fast25,DFedSAM,23,10,0.36969976728892984,0.02987316678253123,0.0008924060936169274,0.35118418668977286,0.3882153478880868,4680000.0
heterogeneous,fast25,DFedSAM,24,10,0.37002054476824664,0.03358506547608047,0.0011279566230326123,0.34920430552326753,0.39083678401322575,5070000.0
heterogeneous,fast25,DFedSAM,25,10,0.3640277528387104,0.0341027899120178,0.0011630002797832233,0.3428906246638253,0.38516488101359553,5475600.0
heterogeneous,fast25,DFedSAM,26,10,0.36616111867438406,0.027504478058102893,0.0007564963132486635,0.34911366655690895,0.38320857079185916,5896800.0
heterogeneous,fast25,DFedSAM,27,10,0.37366366282614694,0.027079271002608152,0.0007332869180326947,0.35687975677208905,0.3904475688802048,6333600.0
heterogeneous,fast25,DFedSAM,28,10,0.3698075851860171,0.02899831241065732,0.0008409021226660823,0.3518342449443313,0.38778092542770287,6786000.0
heterogeneous,fast25,DFedSAM,29,10,0.36633681413326935,0.03592769055036743,0.0012907989482829612,0.34406860082433094,0.38860502744220776,7254000.0
heterogeneous,fast25,DFedSAM,30,10,0.3661403677516138,0.03454574987161471,0.0011934088341921678,0.34472869014935054,0.38755204535387705,7737600.0
heterogeneous,fast25,DFedSAM,31,10,0.36873441124408,0.029441133548335583,0.000866780344610931,0.35048660761773265,0.3869822148704274,8236800.0
heterogeneous,fast25,DFedSAM,32,10,0.3639660738967227,0.03834973350553384,0.001470702059945465,0.34019666281128247,0.3877354849821629,8751600.0
heterogeneous,fast25,DFedSAM,33,10,0.370944588470453,0.0333302052555619,0.0011109025823778861,0.3502863132267089,0.39160286371419706,9282000.0
heterogeneous,fast25,DFedSAM,34,10,0.3673482607381974,0.03316753814480109,0.0011000855865868353,0.3467908076142523,0.38790571386214245,9828000.0
heterogeneous,fast25,DFedSAM,35,10,0.36875805030766806,0.03296754418891262,0.0010868589698479064,0.34832455472182244,0.3891915458935137,10389600.0
heterogeneous,fast25,DFedSAM,36,10,0.3671150785386961,0.03251687735035693,0.0010573473126181555,0.34696090915329625,0.387269247924096,10966800.0
heterogeneous,fast25,DFedSAM,37,10,0.372208458303109,0.031835839201025326,0.001013520657633541,0.35247640073587844,0.39194051587033957,11559600.0
heterogeneous,fast25,DFedSAM,38,10,0.36930901164061347,0.032281973486764634,0.0010421258122001748,0.3493004371782781,0.38931758610294886,12168000.0
heterogeneous,fast25,DFedSAM,39,10,0.3688121014024902,0.03682358547308576,0.0013559764470936523,0.3459886066675576,0.3916355961374228,12792000.0
heterogeneous,fast25,DFedSAM,40,10,0.3703522906458849,0.04121816465720772,0.0016989370977086877,0.34480500751331344,0.3958995737784563,13431600.0
heterogeneous,fast25,DFedSAM,41,10,0.3723703662237055,0.03948141159497904,0.0015587818615321453,0.34789953379147737,0.39684119865593365,14086800.0
heterogeneous,fast25,DFedSAM,42,10,0.3739950464202354,0.037644279501214246,0.001417091779165539,0.35066288025666986,0.39732721258380094,14757600.0
heterogeneous,fast25,DFedSAM,43,10,0.37283240097293996,0.039156277127352555,0.001533214038474033,0.3485630889715629,0.397101712974317,15444000.0
heterogeneous,fast25,DFedSAM,44,10,0.37165297996954194,0.03916400960547556,0.0015338196483777819,0.347378875328571,0.3959270846105129,16146000.0
heterogeneous,fast25,DFedSAM,45,10,0.3669108079404784,0.04167896322002691,0.0017371359750963562,0.34107791889970296,0.3927436969812539,16863600.0
heterogeneous,fast25,DFedSAM,46,10,0.37139629823294884,0.04174684664243968,0.0017427992045873774,0.34552133461105583,0.39727126185484185,17596800.0
heterogeneous,fast25,DFedSAM,47,10,0.374339340352542,0.04227108466117732,0.0017868445984324207,0.34813945064029705,0.400539230064787,18345600.0
heterogeneous,fast25,DFedSAM,48,10,0.37209182333891827,0.0396485453375566,0.0015720071473842813,0.3475174003398091,0.39666624633802744,19110000.0
heterogeneous,fast25,DFedSAM,49,10,0.3743143113419509,0.04187327919168859,0.0017533715102651005,0.3483609840141603,0.4002676386697415,19890000.0
heterogeneous,fast25,DeceFL,0,10,0.2935356367377625,0.027597746977468675,0.0007616356382323814,0.2764303759451481,0.31064089753037694,62400.0
heterogeneous,fast25,DeceFL,1,10,0.3131171939781086,0.024369340768356507,0.0005938647694842825,0.298012920084767,0.32822146787145023,187200.0
heterogeneous,fast25,DeceFL,2,10,0.31822886394629124,0.024695011616107532,0.0006098435987196859,0.30292273717025303,0.33353499072232945,374400.0
heterogeneous,fast25,DeceFL,3,10,0.3271518555979837,0.025783685060955738,0.000664798415322552,0.31117096203002853,0.3431327491659389,624000.0
heterogeneous,fast25,DeceFL,4,10,0.3353387845123626,0.03394307604150206,0.0011521324111591913,0.3143006480200087,0.3563769210047165,936000.0
heterogeneous,fast25,DeceFL,5,10,0.3407537907084946,0.04404063706415866,0.0019395777130169455,0.3134571210538904,0.3680504603630988,1310400.0
heterogeneous,fast25,DeceFL,6,10,0.3451418373848131,0.03736900055715531,0.0013964422026406737,0.32198029087844954,0.3683033838911766,1747200.0
heterogeneous,fast25,DeceFL,7,10,0.34615058019758943,0.04022874232247209,0.001618351708847857,0.3212165473815568,0.37108461301362206,2246400.0
heterogeneous,fast25,DeceFL,8,10,0.3547009760806213,0.03832421882186064,0.0014687457483058574,0.33094737915996153,0.37845457300128105,2808000.0
heterogeneous,fast25,DeceFL,9,10,0.34984142724908296,0.04614114004451037,0.0021290048046071187,0.3212428523591016,0.3784400021390643,3432000.0
heterogeneous,fast25,DeceFL,10,10,0.3542336927691058,0.04929014133647399,0.002429518032969582,0.32368334665739057,0.3847840388808211,4118400.0
heterogeneous,fast25,DeceFL,11,10,0.36100329219929744,0.043578095929280025,0.0018990504448215323,0.33399330851024944,0.38801327588834544,4867200.0
heterogeneous,fast25,DeceFL,12,10,0.36494624613182514,0.042796384690866635,0.001831530542608644,0.3384207720880208,0.3914717201756295,5678400.0
heterogeneous,fast25,DeceFL,13,10,0.36637759349610566,0.04205242134290427,0.0017684061408011504,0.34031323271264946,0.39244195427956186,6552000.0
heterogeneous,fast25,DeceFL,14,10,0.3616011014229553,0.04417948772212315,0.0019518271353892302,0.3342183712389301,0.3889838316069805,7488000.0
heterogeneous,fast25,DeceFL,15,10,0.36137301772745156,0.044067621798990216,0.0019419552910188377,0.33405962276091916,0.38868641269398396,8486400.0
heterogeneous,fast25,DeceFL,16,10,0.36779136766251125,0.038812781840426865,0.0015064320341925694,0.34373495624568895,0.39184777907933355,9547200.0
heterogeneous,fast25,DeceFL,17,10,0.3670334429862273,0.04554518102995833,0.0020743635150516763,0.33880424732035236,0.39526263865210226,10670400.0
heterogeneous,fast25,DeceFL,18,10,0.37447986260047306,0.039303285262900056,0.0015447482324568967,0.35011943401268664,0.3988402911882595,11856000.0
heterogeneous,fast25,DeceFL,19,10,0.3729665050713567,0.037597739640198025,0.0014135900260521179,0.34966318461249973,0.39626982553021367,13104000.0
heterogeneous,fast25,DeceFL,20,10,0.3726945373895135,0.036144729278752445,0.0013064414546343044,0.3502918020830311,0.3950972726959959,14414400.0
heterogeneous,fast25,DeceFL,21,10,0.3741352871586435,0.04256178138582344,0.0018115052347346268,0.347755221749785,0.40051535256750204,15787200.0
heterogeneous,fast25,DeceFL,22,10,0.37078149296860724,0.041532708214200346,0.001724965851605905,0.345039253719604,0.3965237322176105,17222400.0
heterogeneous,fast25,DeceFL,23,10,0.3666178232500206,0.03413045091608113,0.0011648876797350231,0.34546355060719486,0.3877720958928464,18720000.0
heterogeneous,fast25,DeceFL,24,10,0.3670041075134179,0.035002188631504234,0.0012251532089954042,0.34530952623680244,0.38869868879003333,20280000.0
heterogeneous,fast25,DeceFL,25,10,0.36778287319885405,0.03130944126467598,0.000980281112306195,0.3483770804527808,0.3871886659449273,21902400.0
heterogeneous,fast25,DeceFL,26,10,0.3662327555070173,0.0365932547778826,0.0013390662952390275,0.34355202121601547,0.3889134897980191,23587200.0
heterogeneous,fast25,DeceFL,27,10,0.3651000259882526,0.030409104667281726,0.0009247136466656952,0.34625226764665945,0.3839477843298457,25334400.0
heterogeneous,fast25,DeceFL,28,10,0.3691133121333487,0.02360878341716477,0.0005573746544385942,0.35448043657011336,0.38374618769658403,27144000.0
heterogeneous,fast25,DeceFL,29,10,0.3746299378901263,0.027145966438040715,0.0007369034938552329,0.3578046935769097,0.39145518220334286,29016000.0
heterogeneous,fast25,DeceFL,30,10,0.3761781904098548,0.031997760438529095,0.0010238566730814977,0.3563457730198595,0.3960106077998501,30950400.0
heterogeneous,fast25,DeceFL,31,10,0.37617100523500574,0.03218175648636824,0.0010356654505479044,0.3562245459130488,0.3961174645569627,32947200.0
heterogeneous,fast25,DeceFL,32,10,0.378437621091616,0.03165381621962265,0.0010019640812656458,0.3588183825370999,0.3980568596461321,35006400.0
heterogeneous,fast25,DeceFL,33,10,0.3758270821150013,0.026733930330754413,0.0007147030309296307,0.3592572204269266,0.39239694380307605,37128000.0
heterogeneous,fast25,DeceFL,34,10,0.3736920777519536,0.02281291606296116,0.0005204291392957113,0.3595524858854307,0.38783166961847654,39312000.0
heterogeneous,fast25,DeceFL,35,10,0.3755680975327746,0.02776814028098989,0.0007710696146647334,0.3583572258764754,0.3927789691890738,41558400.0
heterogeneous,fast25,DeceFL,36,10,0.37710137276510397,0.027265103454024078,0.0007433858663586357,0.3602022865643553,0.3940004589658526,43867200.0
heterogeneous,fast25,DeceFL,37,10,0.37744404828521777,0.024620098326906793,0.0006061492416265587,0.3621843532468738,0.3927037433235617,46238400.0
heterogeneous,fast25,DeceFL,38,10,0.3763333481203187,0.02552965663579978,0.0006517633679418357,0.36050990300149155,0.3921567932391459,48672000.0
heterogeneous,fast25,DeceFL,39,10,0.38318823705489574,0.027149212584480838,0.0007370797439573327,0.3663609807592708,0.40001549335052067,51168000.0
heterogeneous,fast25,DeceFL,40,10,0.3784112980512936,0.029630564983856775,0.0008779703812625592,0.3600460836047965,0.39677651249779067,53726400.0
heterogeneous,fast25,DeceFL,41,10,0.38204046695652577,0.027062428236823446,0.000732375022073219,0.3652670001568553,0.3988139337561962,56347200.0
heterogeneous,fast25,DeceFL,42,10,0.38128812094252856,0.028026802287578464,0.0007855016464670135,0.36391692891357535,0.39865931297148177,59030400.0
heterogeneous,fast25,DeceFL,43,10,0.3806561494609743,0.028621050914578092,0.0008191645554548715,0.36291663831710275,0.3983956606048459,61776000.0
heterogeneous,fast25,DeceFL,44,10,0.3804126574377748,0.025085638064084356,0.000629289237082238,0.3648644178809146,0.395960896994635,64584000.0
heterogeneous,fast25,DeceFL,45,10,0.3799777869185832,0.03487233687813316,0.001216079879342006,0.35836368859253626,0.40159188524463013,67454400.0
heterogeneous,fast25,DeceFL,46,10,0.38259459078196023,0.02434287921376099,0.0005925757684157568,0.36750671793007694,0.3976824636338435,70387200.0
heterogeneous,fast25,DeceFL,47,10,0.3805068703149984,0.025864968059790768,0.0006689965727339967,0.36447559702241517,0.39653814360758166,73382400.0
heterogeneous,fast25,DeceFL,48,10,0.3789606499646287,0.02622496792300128,0.0006877489425624461,0.362706246445127,0.3952150534841304,76440000.0
heterogeneous,fast25,DeceFL,49,10,0.3826590261813773,0.025985152268314465,0.0006752281384074884,0.3665532619446011,0.39876479041815355,79560000.0
heterogeneous,fast25,FedAvg,0,10,0.30220490942402567,0.02601834070814025,0.000676954053204868,0.2860785747791294,0.31833124406892194,15600.0
heterogeneous,fast25,FedAvg,1,10,0.31780028326285203,0.019424044523223175,0.0003772935056401562,0.30576113573793473,0.32983943078776934,46800.0
heterogeneous,fast25,FedAvg,2,10,0.3212141488435597,0.014646609063762195,0.0002145231570666809,0.31213608649420693,0.33029221119291247,93600.0
heterogeneous,fast25,FedAvg,3,10,0.33472698975123416,0.01992158658785268,0.0003968696121773118,0.32237946245974636,0.34707451704272196,156000.0
heterogeneous,fast25,FedAvg,4,10,0.34013612788066105,0.023088769945269955,0.0005330912975856011,0.32582556000651697,0.35444669575480514,234000.0
heterogeneous,fast25,FedAvg,5,10,0.36101519583574165,0.03305171390557971,0.0010924157920962913,0.340529531319019,0.38150086035246433,327600.0
heterogeneous,fast25,FedAvg,6,10,0.3594397006545378,0.0300087846651522,0.0009005271570794739,0.34084006322087657,0.378039338088199,436800.0
heterogeneous,fast25,FedAvg,7,10,0.36196884789625083,0.02517473959248237,0.0006337675135492994,0.3463653826399336,0.37757231315256806,561600.0
heterogeneous,fast25,FedAvg,8,10,0.3657195981020045,0.01919707666022668,0.00036852775229861994,0.3538211267160223,0.3776180694879867,702000.0
heterogeneous,fast25,FedAvg,9,10,0.3691935513054648,0.02375069502315382,0.0005640955140828637,0.3544727180175672,0.38391438459336236,858000.0
heterogeneous,fast25,FedAvg,10,10,0.3640607508271879,0.022506726532482875,0.0005065527392079687,0.3501109371978188,0.37801056445655706,1029600.0
heterogeneous,fast25,FedAvg,11,10,0.36145586097616433,0.024162845297241105,0.0005838430928584066,0.3464795743018086,0.3764321476505201,1216800.0
heterogeneous,fast25,FedAvg,12,10,0.36192710648014054,0.026566795007605372,0.0007057945969761257,0.34546083633859515,0.37839337662168593,1419600.0
heterogeneous,fast25,FedAvg,13,10,0.3710127828818866,0.03544656309033834,0.0012564588349173364,0.3490427754621827,0.3929827903015905,1638000.0
heterogeneous,fast25,FedAvg,14,10,0.3659630763936706,0.028844038436982224,0.0008319785533541079,0.3480853561515224,0.38384079663581877,1872000.0
heterogeneous,fast25,FedAvg,15,10,0.37473987851543145,0.02107770695286915,0.0004442697303910285,0.36167578039780324,0.38780397663305965,2121600.0
heterogeneous,fast25,FedAvg,16,10,0.370797958676266,0.03089404009394654,0.0009544417133263763,0.3516496342432651,0.38994628310926693,2386800.0
heterogeneous,fast25,FedAvg,17,10,0.37528116595546873,0.017444813454788856,0.0003043215164723823,0.36446875855618754,0.3860935733547499,2667600.0
heterogeneous,fast25,FedAvg,18,10,0.3743184299717778,0.019775700816962522,0.00039107834280201214,0.3620613236178776,0.386575536325678,2964000.0
heterogeneous,fast25,FedAvg,19,10,0.37379917386037825,0.027834992569322294,0.0007747868113342273,0.3565468667264858,0.39105148099427073,3276000.0
heterogeneous,fast25,FedAvg,20,10,0.36652057394352505,0.020069774567851282,0.0004027958512043701,0.35408119879046085,0.37895994909658925,3603600.0
heterogeneous,fast25,FedAvg,21,10,0.36909332140515216,0.016893060364220898,0.0002853754884692111,0.35862289411442844,0.3795637486958759,3946800.0
heterogeneous,fast25,FedAvg,22,10,0.3785380424715539,0.025415128645663188,0.0006459287640756096,0.36278558253644266,0.3942905024066652,4305600.0
heterogeneous,fast25,FedAvg,23,10,0.3755967919201668,0.02029020780300127,0.0004116925326889737,0.36302079083246824,0.3881727930078654,4680000.0
heterogeneous,fast25,FedAvg,24,10,0.37790577572541656,0.021344420301241892,0.000455584277996067,0.3646763669617957,0.39113518448903745,5070000.0
heterogeneous,fast25,FedAvg,25,10,0.37946285717461403,0.027398442053938522,0.0007506746269830269,0.3624811268534189,0.3964445874958092,5475600.0
heterogeneous,fast25,FedAvg,26,10,0.38150843176249744,0.0228826701320296,0.0005236165923712795,0.3673256058760476,0.39569125764894725,5896800.0
heterogeneous,fast25,FedAvg,27,10,0.3841298435518286,0.022989243474616654,0.0005285053155352044,0.369880962823294,0.3983787242803632,6333600.0
heterogeneous,fast25,FedAvg,28,10,0.37743953368418964,0.03603734551051253,0.001298690271444058,0.3551033555268157,0.3997757118415636,6786000.0
heterogeneous,fast25,FedAvg,29,10,0.3748753589011062,0.0319410090628344,0.0010202280599520691,0.3550781163781893,0.39467260142402305,7254000.0
heterogeneous,fast25,FedAvg,30,10,0.37218758104784194,0.02843793739738926,0.0008087162834178307,0.35456156483776785,0.38981359725791603,7737600.0
heterogeneous,fast25,FedAvg,31,10,0.375814519864302,0.027922010475641187,0.0007796386690018162,0.3585082784732969,0.39312076125530704,8236800.0
heterogeneous,fast25,FedAvg,32,10,0.37474474610666475,0.02920304963167164,0.0008528181077898772,0.3566445084206961,0.3928449837926334,8751600.0
heterogeneous,fast25,FedAvg,33,10,0.37781116404324566,0.02460701774679228,0.0006055053223909502,0.36255957643245224,0.3930627516540391,9282000.0
heterogeneous,fast25,FedAvg,34,10,0.37525382411880454,0.02541642756746108,0.0006459947902919956,0.35950055910362205,0.391007089133987,9828000.0
heterogeneous,fast25,FedAvg,35,10,0.38065418386924055,0.03093708027610281,0.0009571029360100295,0.3614791828549612,0.3998291848835199,10389600.0
heterogeneous,fast25,FedAvg,36,10,0.3811744147300239,0.03187406041198332,0.001015955727146762,0.36141866741080814,0.40093016204923965,10966800.0
heterogeneous,fast25,FedAvg,37,10,0.38348798756914315,0.032741215583833354,0.001071987197907052,0.3631947719060706,0.4037812032322157,11559600.0
heterogeneous,fast25,FedAvg,38,10,0.3810380041084379,0.03378304347364255,0.0011412940263420223,0.3600990568292753,0.40197695138760053,12168000.0
heterogeneous,fast25,FedAvg,39,10,0.3840888042598477,0.0319019597461082,0.0010177350356423078,0.36431576475418875,0.40386184376550666,12792000.0
heterogeneous,fast25,FedAvg,40,10,0.3775006360273814,0.032568939501836466,0.0010607358202742838,0.35731419818618293,0.3976870738685798,13431600.0
heterogeneous,fast25,FedAvg,41,10,0.3791164858417882,0.03179628234184851,0.0010110035707625474,0.3594089458698856,0.3988240258136908,14086800.0
heterogeneous,fast25,FedAvg,42,10,0.3850778753321291,0.030924867343857174,0.0009563474202351638,0.3659104439716797,0.4042453066925785,14757600.0
heterogeneous,fast25,FedAvg,43,10,0.388017751291692,0.035681681800447965,0.0012731824161084195,0.36590201578567255,0.4101334867977115,15444000.0
heterogeneous,fast25,FedAvg,44,10,0.3793735420451287,0.033709524564109854,0.0011363320463383256,0.35848016225818824,0.40026692183206913,16146000.0
heterogeneous,fast25,FedAvg,45,10,0.3824356654656063,0.035380776593914115,0.001251799352388461,0.3605064329388271,0.4043648979923855,16863600.0
heterogeneous,fast25,FedAvg,46,10,0.3821872682952977,0.033418493114531996,0.0011167956820460224,0.3614742716696329,0.4029002649209625,17596800.0
heterogeneous,fast25,FedAvg,47,10,0.3832367540918254,0.03301912363926994,0.001090262525905395,0.3627712892314364,0.40370221895221436,18345600.0
heterogeneous,fast25,FedAvg,48,10,0.38154937362180463,0.03344313435383505,0.0011184432354086622,0.36082110419778873,0.40227764304582053,19110000.0
heterogeneous,fast25,FedAvg,49,10,0.3797848424398841,0.034565402009766086,0.0011947670160967414,0.3583609843162005,0.40120870056356767,19890000.0
heterogeneous,fast50,ASILO,0,10,0.31500895210023383,0.012966130315081453,0.00016812053534767427,0.30697246127032785,0.3230454429301398,0.0
heterogeneous,fast50,ASILO,1,10,0.3453544762947082,0.02399164744259328,0.0005755991470096926,0.3304842991499919,0.36022465343942456,5936.6
heterogeneous,fast50,ASILO,2,10,0.3400114975831466,0.02388908092346047,0.000570688187367643,0.3252048918256087,0.3548181033406845,16729.8
heterogeneous,fast50,ASILO,3,10,0.3566865393559756,0.031505761096186954,0.0009926129822500074,0.3371590663176851,0.3762140123942661,33634.9
heterogeneous,fast50,ASILO,4,10,0.3600293228776805,0.027835469485163387,0.000774813361459462,0.3427767201482873,0.37728192560707374,56289.3
heterogeneous,fast50,ASILO,5,10,0.36704758120988956,0.02647987981129462,0.0007011840348206084,0.35063518166513424,0.3834599807546449,83435.9
heterogeneous,fast50,ASILO,6,10,0.37196821425938176,0.024153102082944352,0.0005833723402291308,0.35699796649181215,0.38693846202695137,116155.0
heterogeneous,fast50,ASILO,7,10,0.3746920648691578,0.023990011243553367,0.0005755206394658169,0.3598229018511131,0.3895612278872025,154082.3
heterogeneous,fast50,ASILO,8,10,0.37850819843007233,0.03269035620040576,0.0010686593885094072,0.3582465057394363,0.3987698911207084,196502.2
heterogeneous,fast50,ASILO,9,10,0.37975293123956094,0.023994084108688335,0.0005757160722148101,0.36488124383355214,0.39462461864556975,243952.3
heterogeneous,fast50,ASILO,10,10,0.37998146608564365,0.02874013700315494,0.0008259954749601159,0.3621681446193736,0.3977947875519137,296072.4
heterogeneous,fast50,ASILO,11,10,0.380287854418061,0.028407588503241123,0.0008069910845694772,0.36268064864746213,0.3978950601886599,351964.2
heterogeneous,fast50,ASILO,12,10,0.38349741098579787,0.02912895615849364,0.0008484960868834445,0.36544309691028826,0.4015517250613075,413248.2
heterogeneous,fast50,ASILO,13,10,0.3815638470828327,0.03161621230871828,0.000999584880749949,0.36196791567376463,0.40115977849190076,477768.1
heterogeneous,fast50,ASILO,14,10,0.3766601379406208,0.026172123066011608,0.0006849800257824569,0.3604384880028189,0.3928817878784227,546063.5
heterogeneous,fast50,ASILO,15,10,0.38335388118925373,0.03321143390710603,0.0011029993421660719,0.36276922118996013,0.40393854118854733,618312.4
heterogeneous,fast50,ASILO,16,10,0.3825251511097155,0.03188029778811157,0.0010163533870586716,0.3627655378247228,0.4022847643947082,694155.4
heterogeneous,fast50,ASILO,17,10,0.37799770252598686,0.03292464439927669,0.001084032208818822,0.357590796505234,0.3984046085467397,772876.1
heterogeneous,fast50,ASILO,18,10,0.38287475207380534,0.03081874666616132,0.0009497951460730296,0.3637730949908344,0.4019764091567763,854833.5
heterogeneous,fast50,ASILO,19,10,0.3787115637237675,0.03234988351122626,0.0010465149631899086,0.3586608981921939,0.39876222925534116,940027.1
heterogeneous,fast50,ASILO,20,10,0.38050250825780624,0.03256878847555859,0.0010607259827656779,0.3603161640236646,0.40068885249194786,1028997.8
heterogeneous,fast50,ASILO,21,10,0.37971890057605806,0.032986972454360344,0.001088140351704728,0.3592733632265314,0.4001644379255847,1121384.1
heterogeneous,fast50,ASILO,22,10,0.3851887959237317,0.029071899342417645,0.0008451753313756634,0.3671698460292102,0.40320774581825314,1217366.7
heterogeneous,fast50,ASILO,23,10,0.3806746942511066,0.03320981393849757,0.0011028917418296274,0.360091038318759,0.40125835018345424,1316044.8
heterogeneous,fast50,ASILO,24,10,0.3838137709629376,0.03122310709111432,0.0009748824164231934,0.36446148869202355,0.4031660532338517,1417779.1
heterogeneous,fast50,ASILO,25,10,0.382126896587236,0.03198533303657427,0.0010230615294605694,0.3623021817807735,0.40195161139369845,1522929.3
heterogeneous,fast50,ASILO,26,10,0.38421124558333397,0.02819164124990116,0.0007947686363631286,0.3667378853070374,0.40168460585963056,1631137.5
heterogeneous,fast50,ASILO,27,10,0.38521216693324944,0.028413396340722964,0.0008073210916150091,0.3676013614276849,0.402822972438814,1743303.0
heterogeneous,fast50,ASILO,28,10,0.3814035322333022,0.02996034612696622,0.0008976223400476199,0.36283391731665154,0.39997314714995286,1857806.1
heterogeneous,fast50,ASILO,29,10,0.38125408553954115,0.030179576471425707,0.0009108068359946321,0.3625485902476303,0.399959580831452,1975368.6
heterogeneous,fast50,ASILO,30,10,0.38135596033551716,0.03163355941763611,0.0010006820814291142,0.3617492770769492,0.4009626435940851,2095812.2
heterogeneous,fast50,ASILO,31,10,0.37829934301031015,0.03591692637938034,0.0012900256005418274,0.3560378014036705,0.40056088461694983,2218595.4
heterogeneous,fast50,ASILO,32,10,0.3791140622731013,0.03446909556370976,0.0011881185489801558,0.35774989550310493,0.40047822904309766,2344258.1
heterogeneous,fast50,ASILO,33,10,0.3778921580708451,0.036009418549783845,0.0012966782242935168,0.35557328922306075,0.4002110269186294,2472261.3
heterogeneous,fast50,ASILO,34,10,0.37807375487976835,0.034847931521290475,0.0012143783313125502,0.3564747831506089,0.39967272660892783,2602602.7
heterogeneous,fast50,ASILO,35,10,0.37967229486276566,0.031063811453361744,0.0009649603820100083,0.36041874505103055,0.39892584467450076,2735465.0
heterogeneous,fast50,ASILO,36,10,0.3823271707384155,0.03150887112806573,0.0009928089597650543,0.3627977700823958,0.4018565713944352,2870486.2
heterogeneous,fast50,ASILO,37,10,0.3770522946853262,0.02427285506119232,0.0005891714928216497,0.3620078232528576,0.3920967661177948,3007847.5
heterogeneous,fast50,ASILO,38,10,0.3744401821192279,0.023017652096559534,0.0005298123080382515,0.3601736935443902,0.3887066706940656,3147549.6
heterogeneous,fast50,ASILO,39,10,0.376127732652877,0.02349300035445952,0.0005519210656546352,0.3615666201753949,0.3906888451303591,3289231.4
heterogeneous,fast50,ASILO,40,10,0.37233508521890213,0.020714328533039648,0.00042908340657470047,0.35949621137927984,0.3851739590585244,3433433.5
heterogeneous,fast50,ASILO,41,10,0.3720704351087034,0.025312843338241728,0.0006407400378663687,0.3563813722639461,0.3877594979534607,3580334.6
heterogeneous,fast50,ASILO,42,10,0.3729905361000208,0.027380301917784313,0.0007496809331090233,0.35602004915169894,0.3899610230483427,3729217.4
heterogeneous,fast50,ASILO,43,10,0.3740962545932657,0.027399220238773385,0.000750717269692809,0.3571140419481128,0.39107846723841855,3880439.9
heterogeneous,fast50,ASILO,44,10,0.37449647989480334,0.027942839740703426,0.0007808022927746348,0.3571773283915598,0.39181563139804687,4034003.5
heterogeneous,fast50,ASILO,45,10,0.3721842110473693,0.029097039843516644,0.000846637727655195,0.35414967890882965,0.390218743185909,4189369.3
heterogeneous,fast50,ASILO,46,10,0.3769812966668385,0.03189792231601523,0.0010174774480785425,0.3572107595862771,0.39675183374739986,4347258.1
heterogeneous,fast50,ASILO,47,10,0.37825746251415787,0.031630267601153464,0.0010004738285205785,0.35865281954458395,0.3978621054837318,4507129.3
heterogeneous,fast50,ASILO,48,10,0.37713724097735685,0.03187747334463853,0.00101617330683814,0.3573793783005656,0.3968951036541481,4668621.4
heterogeneous,fast50,ASILO,49,10,0.3763387864951621,0.030342016259805066,0.000920637950710275,0.35753260997932407,0.39514496301100016,4831195.4
heterogeneous,fast50,DFedSAM,0,10,0.29344150647656175,0.027973232324827006,0.0007825017266987465,0.27610351745451567,0.31077949549860784,15600.0
heterogeneous,fast50,DFedSAM,1,10,0.31587283525933163,0.0278321836771368,0.0007746304482378802,0.29862226909485273,0.33312340142381053,46800.0
heterogeneous,fast50,DFedSAM,2,10,0.3112949206285346,0.02441476946132672,0.0005960809678497318,0.29616248973957454,0.32642735151749463,93600.0
heterogeneous,fast50,DFedSAM,3,10,0.33381569992898985,0.024390797778561544,0.0005949110162746827,0.31869812684293924,0.34893327301504046,156000.0
heterogeneous,fast50,DFedSAM,4,10,0.33515043241074943,0.027540367828128867,0.0007584718601086355,0.3180807355833499,0.35222012923814894,234000.0
heterogeneous,fast50,DFedSAM,5,10,0.3349561130858059,0.01661451328705939,0.00027604205176587305,0.3246583310621671,0.3452538951094447,327600.0
heterogeneous,fast50,DFedSAM,6,10,0.3497213708877067,0.02958863542435797,0.0008754873462755714,0.3313821446514332,0.36806059712398026,436800.0
heterogeneous,fast50,DFedSAM,7,10,0.35032614962867364,0.03190841208980278,0.0010181467620926723,0.3305491109189598,0.3701031883383875,561600.0
heterogeneous,fast50,DFedSAM,8,10,0.3585705294559104,0.02341877218865347,0.0005484388908240491,0.3440554240722431,0.3730856348395777,702000.0
heterogeneous,fast50,DFedSAM,9,10,0.3593398751331773,0.020981213838911706,0.0004402113341541401,0.34633558406720005,0.3723441661991545,858000.0
heterogeneous,fast50,DFedSAM,10,10,0.3555062514650436,0.010602387093169732,0.00011241061207341211,0.3489348238626027,0.3620776790674845,1029600.0
heterogeneous,fast50,DFedSAM,11,10,0.3577057180037372,0.026748058148904002,0.0007154586147371497,0.34112709980325306,0.3742843362042213,1216800.0
heterogeneous,fast50,DFedSAM,12,10,0.3620793074326515,0.02734601619841125,0.0007478046019237705,0.34513007099335913,0.37902854387194385,1419600.0
heterogeneous,fast50,DFedSAM,13,10,0.36554749533667213,0.02237493330611026,0.0005006376404528821,0.35167936799530486,0.3794156226780394,1638000.0
heterogeneous,fast50,DFedSAM,14,10,0.3693322346254458,0.022736363943919202,0.0005169422453903492,0.3552400902538763,0.38342437899701526,1872000.0
heterogeneous,fast50,DFedSAM,15,10,0.3620279359665493,0.026725636639487745,0.0007142596537859298,0.3454632147615787,0.3785926571715199,2121600.0
heterogeneous,fast50,DFedSAM,16,10,0.36213137654334054,0.02326371212101592,0.0005412003016495029,0.34771237838529667,0.3765503747013844,2386800.0
heterogeneous,fast50,DFedSAM,17,10,0.36745836804117876,0.020819746735911193,0.0004334618541474848,0.354554155322485,0.3803625807598725,2667600.0
heterogeneous,fast50,DFedSAM,18,10,0.36928962841174884,0.021889556002898335,0.00047915266200402256,0.35572234103971073,0.38285691578378694,2964000.0
heterogeneous,fast50,DFedSAM,19,10,0.3611450146975859,0.020951772909776123,0.00043897678806282864,0.34815897130853873,0.3741310580866331,3276000.0
heterogeneous,fast50,DFedSAM,20,10,0.362663719528594,0.02656997400791096,0.000705963518781064,0.3461954790222456,0.3791319600349424,3603600.0
heterogeneous,fast50,DFedSAM,21,10,0.36763568621935816,0.01907049899923468,0.0003636839320798109,0.3558156684804637,0.3794557039582526,3946800.0
heterogeneous,fast50,DFedSAM,22,10,0.36386106865944445,0.022280540002536937,0.0004964224628046487,0.3500514468937684,0.3776706904251205,4305600.0
heterogeneous,fast50,DFedSAM,23,10,0.3641095024808907,0.0179316004299201,0.0003215422939783107,0.35299538138857267,0.3752236235732087,4680000.0
heterogeneous,fast50,DFedSAM,24,10,0.36329111044587525,0.01946423733193163,0.00037885653491376097,0.3512270511600266,0.3753551697317239,5070000.0
heterogeneous,fast50,DFedSAM,25,10,0.36554574804438417,0.014970567375222977,0.00022411788753609057,0.35626689425332436,0.37482460183544397,5475600.0
heterogeneous,fast50,DFedSAM,26,10,0.35995111219883835,0.017994097199730934,0.00032378753403336464,0.34879825520727525,0.37110396919040145,5896800.0
heterogeneous,fast50,DFedSAM,27,10,0.36550763994584,0.019790204669228994,0.0003916522008499731,0.3532415440111701,0.37777373588050994,6333600.0
heterogeneous,fast50,DFedSAM,28,10,0.3594869832572956,0.017430499393586457,0.00030382230910981785,0.3486834478050639,0.37029051870952734,6786000.0
heterogeneous,fast50,DFedSAM,29,10,0.35789310972481503,0.017143799615926457,0.0002939098652710401,0.34726727263578894,0.3685189468138411,7254000.0
heterogeneous,fast50,DFedSAM,30,10,0.3650636751270627,0.025009174915240975,0.0006254588299411184,0.3495628279208556,0.3805645223332699,7737600.0
heterogeneous,fast50,DFedSAM,31,10,0.36587917104136636,0.03107994168304612,0.0009659627750215477,0.34661562360969433,0.3851427184730384,8236800.0
heterogeneous,fast50,DFedSAM,32,10,0.3613646149598958,0.02716053535124233,0.0007376946805660843,0.34453034074072414,0.37819888917906747,8751600.0
heterogeneous,fast50,DFedSAM,33,10,0.36212124107329696,0.02791702700036891,0.0007793603965393268,0.34481808847226647,0.37942439367432745,9282000.0
heterogeneous,fast50,DFedSAM,34,10,0.3596063135681446,0.03166825749177687,0.0010028785325654817,0.33997812422041424,0.37923450291587496,9828000.0
heterogeneous,fast50,DFedSAM,35,10,0.364729437762713,0.0312923907577647,0.0009792137193366376,0.3453342130303114,0.38412466249511457,10389600.0
heterogeneous,fast50,DFedSAM,36,10,0.36209863985283053,0.02548301784674621,0.0006493841985775859,0.34630410175494475,0.3778931779507163,10966800.0
heterogeneous,fast50,DFedSAM,37,10,0.3625185563949338,0.02480291428983213,0.0006151845572687589,0.3471455508488356,0.377891561941032,11559600.0
heterogeneous,fast50,DFedSAM,38,10,0.3668250620315931,0.023764324787143205,0.000564743132588829,0.35209578092845284,0.38155434313473335,12168000.0
heterogeneous,fast50,DFedSAM,39,10,0.3635639398301559,0.024062228801974523,0.0005789908549185723,0.3486500159056644,0.37847786375464737,12792000.0
heterogeneous,fast50,DFedSAM,40,10,0.3634032344357396,0.02797560312724908,0.0007826343703333486,0.34606377597512844,0.3807426928963507,13431600.0
heterogeneous,fast50,DFedSAM,41,10,0.36526543941846057,0.021832214961464487,0.0004766456101235938,0.3517336923921125,0.37879718644480864,14086800.0
heterogeneous,fast50,DFedSAM,42,10,0.3630433638720897,0.02238173399154122,0.0005009420164681117,0.3491710214222224,0.376915706321957,14757600.0
heterogeneous,fast50,DFedSAM,43,10,0.361734316806636,0.02589189947463583,0.0006703904584046471,0.3456863512501946,0.37778228236307737,15444000.0
heterogeneous,fast50,DFedSAM,44,10,0.36547847210467904,0.028212868208393242,0.0007959659325441661,0.3479919552232024,0.38296498898615566,16146000.0
heterogeneous,fast50,DFedSAM,45,10,0.36645669015814747,0.022403884852926666,0.0005019340565031969,0.3525706184621541,0.38034276185414084,16863600.0
heterogeneous,fast50,DFedSAM,46,10,0.3670233997771105,0.022936332947450074,0.0005260753690762837,0.3528073133330731,0.38123948622114795,17596800.0
heterogeneous,fast50,DFedSAM,47,10,0.36449979334066496,0.021329663483479762,0.00045495454431849,0.35127953094745235,0.37772005573387757,18345600.0
heterogeneous,fast50,DFedSAM,48,10,0.3701938532335615,0.023066179873775405,0.0005320486539693615,0.35589728683078947,0.38449041963633357,19110000.0
heterogeneous,fast50,DFedSAM,49,10,0.3694033907228416,0.022246212302673055,0.0004948939618156019,0.35561504548597284,0.3831917359597104,19890000.0
heterogeneous,fast50,DeceFL,0,10,0.2935356367377625,0.027597746977468675,0.0007616356382323814,0.2764303759451481,0.31064089753037694,62400.0
heterogeneous,fast50,DeceFL,1,10,0.3131171939781086,0.024369340768356507,0.0005938647694842825,0.298012920084767,0.32822146787145023,187200.0
heterogeneous,fast50,DeceFL,2,10,0.3190808032519242,0.023833128220484025,0.0005680180007740321,0.30430887733898543,0.333852729164863,374400.0
heterogeneous,fast50,DeceFL,3,10,0.32764188209242484,0.02753681248259606,0.0007582760417016583,0.31057438889101685,0.34470937529383283,624000.0
heterogeneous,fast50,DeceFL,4,10,0.3383698933724819,0.039644960438509326,0.0015717228881709695,0.3137976923168223,0.3629420944281415,936000.0
heterogeneous,fast50,DeceFL,5,10,0.34109348764586345,0.032205195928795345,0.0010371746448120964,0.32113250040697633,0.36105447488475056,1310400.0
heterogeneous,fast50,DeceFL,6,10,0.34589243748674925,0.03146957864178839,0.000990334379891704,0.3263873905660367,0.3653974844074618,1747200.0
heterogeneous,fast50,DeceFL,7,10,0.3464031565342037,0.03482654287517459,0.001212888088636374,0.3248174416252518,0.3679888714431557,2246400.0
heterogeneous,fast50,DeceFL,8,10,0.35405946098857977,0.03572150136505966,0.001276025659773959,0.3319190450607169,0.37619987691644263,2808000.0
heterogeneous,fast50,DeceFL,9,10,0.3471968421305144,0.03902012492433038,0.0015225701491103489,0.32301191813885727,0.3713817661221715,3432000.0
heterogeneous,fast50,DeceFL,10,10,0.3485194758601547,0.03594284606155596,0.001291888183004709,0.32624186906806213,0.37079708265224726,4118400.0
heterogeneous,fast50,DeceFL,11,10,0.3548767571791418,0.036249428297620796,0.0013140210519043513,0.33240912874845124,0.37734438560983236,4867200.0
heterogeneous,fast50,DeceFL,12,10,0.35329591744013006,0.03720762469770242,0.001384407335645075,0.3302343927277132,0.3763574421525469,5678400.0
heterogeneous,fast50,DeceFL,13,10,0.35363300191466684,0.03565715282508566,0.001271432547591514,0.33153246962508715,0.37573353420424654,6552000.0
heterogeneous,fast50,DeceFL,14,10,0.3556945874742514,0.034351936720244704,0.0011800555564316965,0.3344030365077577,0.37698613844074513,7488000.0
heterogeneous,fast50,DeceFL,15,10,0.34689649273784734,0.03456058669213149,0.001194434152504336,0.3254756191789547,0.36831736629674,8486400.0
heterogeneous,fast50,DeceFL,16,10,0.3552947342517749,0.03539065609936165,0.001252498539143284,0.3333593783440791,0.3772300901594707,9547200.0
heterogeneous,fast50,DeceFL,17,10,0.35969848193687626,0.03548811340317747,0.0012594061929167846,0.3377027213664638,0.38169424250728873,10670400.0
heterogeneous,fast50,DeceFL,18,10,0.3564382917599712,0.04066847369847575,0.0016539247529636142,0.3312317106134035,0.3816448729065389,11856000.0
heterogeneous,fast50,DeceFL,19,10,0.36075633129293766,0.044720197137040694,0.001999896031975783,0.3330384659414389,0.38847419664443644,13104000.0
heterogeneous,fast50,DeceFL,20,10,0.3588709141927405,0.02895816251433794,0.000838575176206807,0.3409224591146117,0.37681936927086923,14414400.0
heterogeneous,fast50,DeceFL,21,10,0.35412954688502335,0.022684113521474834,0.0005145690062551574,0.3400697876608054,0.3681893061092413,15787200.0
heterogeneous,fast50,DeceFL,22,10,0.35784513554924596,0.02323411788400814,0.0005398242338479868,0.3434444800893357,0.3722457910091562,17222400.0
heterogeneous,fast50,DeceFL,23,10,0.3557621671981352,0.017837242710513446,0.0003181672275137651,0.34470652962621345,0.36681780477005693,18720000.0
heterogeneous,fast50,DeceFL,24,10,0.35629427030522426,0.026381514781054452,0.0006959843221429945,0.3399428380378523,0.3726457025725962,20280000.0
heterogeneous,fast50,DeceFL,25,10,0.3533522062620148,0.02327454577935077,0.0005417044812350947,0.3389264933329678,0.3677779191910618,21902400.0
heterogeneous,fast50,DeceFL,26,10,0.36007188917807775,0.024006233961825166,0.000576299269029888,0.34519267121507574,0.37495110714107976,23587200.0
heterogeneous,fast50,DeceFL,27,10,0.3603917033131817,0.020787925223426516,0.00043213783509477233,0.3475072137722644,0.373276192854099,25334400.0
heterogeneous,fast50,DeceFL,28,10,0.35736761026738295,0.02543591958443826,0.0006469860051060098,0.3416022639749121,0.3731329565598538,27144000.0
heterogeneous,fast50,DeceFL,29,10,0.35658591921214544,0.02684509718623432,0.0007206592429383658,0.3399471555931982,0.37322468283109267,29016000.0
heterogeneous,fast50,DeceFL,30,10,0.3579399810891933,0.026196461330278163,0.0006862545862287592,0.3417032461389134,0.37417671603947317,30950400.0
heterogeneous,fast50,DeceFL,31,10,0.3557665952251673,0.02207914044604031,0.0004874884428359731,0.34208180219787354,0.36945138825246104,32947200.0
heterogeneous,fast50,DeceFL,32,10,0.3581133908802881,0.024429753398792137,0.000596812851125796,0.3429716728506692,0.373255108909907,35006400.0
heterogeneous,fast50,DeceFL,33,10,0.3574813571519886,0.02092242157785733,0.00043774772468159007,0.3445135059069411,0.3704492083970361,37128000.0
heterogeneous,fast50,DeceFL,34,10,0.3542306378862872,0.028421669790666973,0.0008077913136897117,0.3366147044433203,0.37184657132925414,39312000.0
heterogeneous,fast50,DeceFL,35,10,0.3553678496923419,0.024624374086039486,0.000606359799129213,0.3401055045110312,0.3706301948736526,41558400.0
heterogeneous,fast50,DeceFL,36,10,0.3570387430020087,0.02793110298534891,0.0007801465139781668,0.3397268660151002,0.3743506199889172,43867200.0
heterogeneous,fast50,DeceFL,37,10,0.36025105854007833,0.02016390288774053,0.00040658297966623096,0.3477533420499118,0.37274877503024484,46238400.0
heterogeneous,fast50,DeceFL,38,10,0.36074528527219984,0.017743685924865145,0.0003148383902002575,0.3497476347967878,0.3717429357476119,48672000.0
heterogeneous,fast50,DeceFL,39,10,0.3610134241852259,0.021405785962247317,0.0004582076726615443,0.3477459805908608,0.374280867779591,51168000.0
heterogeneous,fast50,DeceFL,40,10,0.3645939210937659,0.018677598372873822,0.00034885268097837886,0.35301742568605926,0.3761704165014726,53726400.0
heterogeneous,fast50,DeceFL,41,10,0.36295790480933876,0.02072411615394551,0.00042948899036222523,0.35011296453942886,0.37580284507924866,56347200.0
heterogeneous,fast50,DeceFL,42,10,0.3627590002936151,0.023239434708409664,0.0005400713255664357,0.34835504943179935,0.3771629511554308,59030400.0
heterogeneous,fast50,DeceFL,43,10,0.3650910018129585,0.026684515335391817,0.0007120633586847611,0.3485517678563226,0.38163023576959443,61776000.0
heterogeneous,fast50,DeceFL,44,10,0.3638386794519925,0.02658979377620158,0.0007070171330609283,0.34735815452598706,0.38031920437799793,64584000.0
heterogeneous,fast50,DeceFL,45,10,0.35900514010266926,0.026743591670267255,0.0007152196954259882,0.3424292902543252,0.3755809899510133,67454400.0
heterogeneous,fast50,DeceFL,46,10,0.36138741101025673,0.029034001051995564,0.0008429732170872796,0.3433919507194987,0.3793828713010148,70387200.0
heterogeneous,fast50,DeceFL,47,10,0.3606736997997532,0.026719275111559804,0.0007139196624872192,0.3441129215106422,0.37723447808886423,73382400.0
heterogeneous,fast50,DeceFL,48,10,0.3625944616112079,0.021660209735794335,0.0004691646857985997,0.34916932452824334,0.37601959869417245,76440000.0
heterogeneous,fast50,DeceFL,49,10,0.36404169206899606,0.02532605294034738,0.0006414089575372782,0.34834444182802965,0.37973894230996247,79560000.0
heterogeneous,fast50,FedAvg,0,10,0.27796049117755484,0.031709120510420255,0.0010054683235443545,0.2583069746684718,0.29761400768663787,15600.0
heterogeneous,fast50,FedAvg,1,10,0.30096337385565475,0.01884184221774964,0.0003550150181585726,0.28928507905821976,0.31264166865308973,46800.0
heterogeneous,fast50,FedAvg,2,10,0.3030491814121815,0.01257673502616472,0.0001581742639183585,0.29525404028280633,0.3108443225415567,93600.0
heterogeneous,fast50,FedAvg,3,10,0.30838835497625045,0.013539125381731455,0.0001833079161022449,0.2999967181246083,0.31677999182789257,156000.0
heterogeneous,fast50,FedAvg,4,10,0.3253590967215604,0.019224418135963633,0.00036957825266636745,0.313443678913346,0.33727451452977475,234000.0
heterogeneous,fast50,FedAvg,5,10,0.32162727263245366,0.015508852414307595,0.00024052450320877452,0.31201478631762947,0.33123975894727786,327600.0
heterogeneous,fast50,FedAvg,6,10,0.3309582721164556,0.01881240148461133,0.00035390644961820657,0.3192982248744703,0.34261831935844095,436800.0
heterogeneous,fast50,FedAvg,7,10,0.33861246268603423,0.018450890800635486,0.0003404353713369752,0.32717648208737926,0.3500484432846892,561600.0
heterogeneous,fast50,FedAvg,8,10,0.3444501167734723,0.01790739159514699,0.000320674673741941,0.3333510004724011,0.3555492330745435,702000.0
heterogeneous,fast50,FedAvg,9,10,0.34740693218757107,0.021712465308360313,0.00047143114976675013,0.33394940676517654,0.3608644576099656,858000.0
heterogeneous,fast50,FedAvg,10,10,0.35006306116964375,0.02766826591045535,0.0007655329384916656,0.33291409228953445,0.36721203004975306,1029600.0
heterogeneous,fast50,FedAvg,11,10,0.3490576469827932,0.022370265198253237,0.0005004287650401799,0.3351924129646514,0.36292288100093495,1216800.0
heterogeneous,fast50,FedAvg,12,10,0.35620290003127125,0.020794509207244453,0.00043241161317017436,0.3433143296949052,0.3690914703676373,1419600.0
heterogeneous,fast50,FedAvg,13,10,0.34982525012278964,0.016909254841064432,0.00028592289928006093,0.3393447853913272,0.3603057148542521,1638000.0
heterogeneous,fast50,FedAvg,14,10,0.35112076416352844,0.018166992772721345,0.0003300396264041096,0.33986074538559546,0.3623807829414614,1872000.0
heterogeneous,fast50,FedAvg,15,10,0.34705270578981523,0.025589036588665307,0.0006547987935360518,0.3311924565949,0.3629129549847305,2121600.0
heterogeneous,fast50,FedAvg,16,10,0.355543897916929,0.021594133138247953,0.00046630658599237836,0.34215971553342744,0.3689280803004305,2386800.0
heterogeneous,fast50,FedAvg,17,10,0.3540736925977451,0.024821109814041342,0.0006160874924006994,0.33868940934890146,0.3694579758465888,2667600.0
heterogeneous,fast50,FedAvg,18,10,0.35069668057894504,0.026349732398152484,0.0006943083974542466,0.3343649472365829,0.3670284139213072,2964000.0
heterogeneous,fast50,FedAvg,19,10,0.35538678628836967,0.021660692855211067,0.0004691856149677918,0.34196134976488834,0.368812222811851,3276000.0
heterogeneous,fast50,FedAvg,20,10,0.3561807127284533,0.02061200820818656,0.0004248548823743501,0.343405257683214,0.3689561677736926,3603600.0
heterogeneous,fast50,FedAvg,21,10,0.35182946035809515,0.02227733668988228,0.0004962797299943752,0.3380218240261722,0.3656370966900181,3946800.0
heterogeneous,fast50,FedAvg,22,10,0.35155716099590006,0.016252624609624074,0.00026414780670135806,0.34148367989836514,0.361630642093435,4305600.0
heterogeneous,fast50,FedAvg,23,10,0.3557882368016779,0.019607904115788607,0.0003844699038139598,0.34363513192065387,0.367941341682702,4680000.0
heterogeneous,fast50,FedAvg,24,10,0.34861971589050633,0.018660404873155376,0.0003482107100300809,0.3370538771243314,0.3601855546566813,5070000.0
heterogeneous,fast50,FedAvg,25,10,0.3481379125648859,0.031773710912526995,0.0010095687051528371,0.3284443625098168,0.36783146261995503,5475600.0
heterogeneous,fast50,FedAvg,26,10,0.34947536018410463,0.031395339642224435,0.000985667351250629,0.33001632707203965,0.3689343932961696,5896800.0
heterogeneous,fast50,FedAvg,27,10,0.35722555139777584,0.0300495518061691,0.0009029755637516407,0.3386006462283305,0.37585045656722116,6333600.0
heterogeneous,fast50,FedAvg,28,10,0.35468461362600484,0.028288375096980664,0.0008002321656274758,0.3371512970901223,0.37221793016188737,6786000.0
heterogeneous,fast50,FedAvg,29,10,0.35567105101371,0.027428192030472198,0.0007523057180604586,0.338670881466023,0.372671220561397,7254000.0
heterogeneous,fast50,FedAvg,30,10,0.3555679073682183,0.027915294519634957,0.0007792636681179614,0.3382658285698717,0.3728699861665649,7737600.0
heterogeneous,fast50,FedAvg,31,10,0.3538374553348989,0.02552574248074451,0.000651563529193285,0.33801643623450933,0.3696584744352885,8236800.0
heterogeneous,fast50,FedAvg,32,10,0.35483523983928833,0.021832813982524537,0.00047667176639551895,0.3413031215358407,0.36836735814273597,8751600.0
heterogeneous,fast50,FedAvg,33,10,0.36125637784218323,0.02416375188632814,0.0005838869052240267,0.3462795292580898,0.37623322642627666,9282000.0
heterogeneous,fast50,FedAvg,34,10,0.3635881097361003,0.02433383102762449,0.0005921353324809803,0.34850584500808635,0.3786703744641142,9828000.0
heterogeneous,fast50,FedAvg,35,10,0.35714528691765923,0.035841593520657154,0.001284619826100013,0.3349304371005981,0.37936013673472035,10389600.0
heterogeneous,fast50,FedAvg,36,10,0.3606361841746187,0.03480762615789933,0.0012115708387480774,0.3390621939685056,0.38221017438073174,10966800.0
heterogeneous,fast50,FedAvg,37,10,0.3627530973549262,0.03283186562750355,0.0010779314005824492,0.34240369621268735,0.3831024984971651,11559600.0
heterogeneous,fast50,FedAvg,38,10,0.36477539743674053,0.028881490530978954,0.000834140495291027,0.34687446414623857,0.3826763307272425,12168000.0
heterogeneous,fast50,FedAvg,39,10,0.36115785125919875,0.03198160034908133,0.001022822760888359,0.34133544999641346,0.38098025252198403,12792000.0
heterogeneous,fast50,FedAvg,40,10,0.3614227423930422,0.03375502103455255,0.0011394014450430852,0.3405011636015706,0.3823443211845137,13431600.0
heterogeneous,fast50,FedAvg,41,10,0.3651091714640358,0.032709776444528646,0.001069929475051041,0.3448354419813874,0.38538290094668426,14086800.0
heterogeneous,fast50,FedAvg,42,10,0.3669428561417959,0.029873663922467833,0.0008924357961525562,0.3484269674121139,0.3854587448714779,14757600.0
heterogeneous,fast50,FedAvg,43,10,0.3671519785235981,0.02828530629326518,0.0008000585521038267,0.34962056405196446,0.38468339299523174,15444000.0
heterogeneous,fast50,FedAvg,44,10,0.35840343069592795,0.033646622413954455,0.0011320951998672222,0.33754903806557324,0.37925782332628266,16146000.0
heterogeneous,fast50,FedAvg,45,10,0.358997956010919,0.028120598756584816,0.0007907680744288395,0.34156862832817164,0.37642728369366635,16863600.0
heterogeneous,fast50,FedAvg,46,10,0.3592090548422987,0.02828566535688341,0.0008000788646815943,0.3416774178207288,0.3767406918638686,17596800.0
heterogeneous,fast50,FedAvg,47,10,0.3593334460166219,0.02656381031397,0.0007056360183965789,0.3428690258073577,0.3757978662258862,18345600.0
heterogeneous,fast50,FedAvg,48,10,0.3638686230656581,0.02614792164838623,0.0006837138065301454,0.3476619733219072,0.380075272809409,19110000.0
heterogeneous,fast50,FedAvg,49,10,0.362018792084414,0.022801024095247355,0.0005198866997920505,0.34788657093584313,0.3761510132329849,19890000.0
homogeneous,,ASILO,0,10,0.28784894883926987,0.015014670364448581,0.0002254403261530505,0.2785427597322854,0.2971551379462543,0.0
homogeneous,,ASILO,1,10,0.3270508191778189,0.026806704617925753,0.0007185994124727219,0.3104358515192431,0.34366578683639476,8097.9
homogeneous,,ASILO,2,10,0.3406569117720924,0.015902040220908322,0.000252874883187386,0.33080072512992365,0.35051309841426115,21588.7
homogeneous,,ASILO,3,10,0.33999490506977137,0.019141635947770515,0.00036640222675698043,0.3281307961933761,0.35185901394616664,39932.1
homogeneous,,ASILO,4,10,0.3416196245702095,0.016587272685340475,0.00027513761513784225,0.33133872644643875,0.35190052269398026,64386.8
homogeneous,,ASILO,5,10,0.34466103197760717,0.019851023376465333,0.0003940631290929731,0.33235724021765134,0.356964823737563,93516.2
homogeneous,,ASILO,6,10,0.34602609514370275,0.019415758022306096,0.0003769716595807435,0.3339920836452647,0.3580601066421408,127318.8
homogeneous,,ASILO,7,10,0.3541303011011519,0.020714577482006214,0.0004290937202580389,0.3412912729613616,0.3669693292409422,166695.2
homogeneous,,ASILO,8,10,0.3588897944671433,0.02812733127936961,0.0007911467648994041,0.34145629392354176,0.37632329501074485,210564.1
homogeneous,,ASILO,9,10,0.3613217713077422,0.03119379172718067,0.0009730526423187251,0.3419876588876397,0.38065588372784465,259102.9
homogeneous,,ASILO,10,10,0.36646637870567,0.0257428872616422,0.0006626962445656202,0.35051077187570806,0.38242198553563195,311594.6
homogeneous,,ASILO,11,10,0.35542708501649367,0.02478012189201594,0.0006140544409831676,0.34006820634492085,0.3707859636880665,368217.4
homogeneous,,ASILO,12,10,0.3645118049900934,0.021896518481995954,0.0004794575216323904,0.35094020222880173,0.37808340775138505,430051.4
homogeneous,,ASILO,13,10,0.3711730444783987,0.02545830344953037,0.0006481252145283699,0.35539382452260815,0.3869522644341893,497273.4
homogeneous,,ASILO,14,10,0.3669894578821285,0.020578573829633757,0.00042347770086168733,0.3542347256794115,0.3797441900848455,567908.3
homogeneous,,ASILO,15,10,0.364085794859435,0.018650021952220912,0.00034782331881832193,0.352526391494328,0.37564519822454195,643215.7
homogeneous,,ASILO,16,10,0.3634998082734649,0.02647983612085374,0.0007011817209872705,0.3470874358083254,0.3799121807386044,723556.1
homogeneous,,ASILO,17,10,0.3694496844707292,0.020676431050425777,0.0004275148009830112,0.35663429973418564,0.3822650692072727,808930.1
homogeneous,,ASILO,18,10,0.3722111245902953,0.024596504888837575,0.0006049880527466107,0.3569660529163694,0.38745619626422123,898435.8
homogeneous,,ASILO,19,10,0.3778752212612601,0.020889790551140843,0.00043638334927053327,0.36492759493610816,0.39082284758641206,992793.1
homogeneous,,ASILO,20,10,0.37401025776126867,0.0241583105643268,0.0005836239693224638,0.3590367817434925,0.3889837337790448,1091285.5
homogeneous,,ASILO,21,10,0.36859111161105257,0.024991702073919736,0.0006245851725515641,0.3531010941840963,0.38408112903800884,1194630.3
homogeneous,,ASILO,22,10,0.3731917244356227,0.02356083818716648,0.0005551130960818423,0.35858856563381547,0.38779488323742994,1302647.7
homogeneous,,ASILO,23,10,0.374226890439642,0.027007787242345392,0.0007294205717277945,0.35748729047922034,0.3909664904000637,1415337.5
homogeneous,,ASILO,24,10,0.36805413244783625,0.027801004189887606,0.0007728958339661482,0.35082289152977014,0.38528537336590235,1532334.5
homogeneous,,ASILO,25,10,0.37340135424213833,0.028871612159348314,0.0008335699886798293,0.35550654362980594,0.3912961648544707,1652570.3
homogeneous,,ASILO,26,10,0.36954058613366514,0.031012497686359452,0.0009617750127464504,0.35031884092422394,0.38876233134310634,1775503.1
homogeneous,,ASILO,27,10,0.3761216056530787,0.02516655389429713,0.0006333554349145621,0.3605232139450603,0.39171999736109714,1901850.0
homogeneous,,ASILO,28,10,0.3724249210573012,0.025556248090189422,0.0006531218164473105,0.35658499438428914,0.3882648477303132,2032151.7
homogeneous,,ASILO,29,10,0.3683654323341002,0.02439903232670837,0.00059531277847976,0.3532427554222309,0.3834881092459695,2166403.9
homogeneous,,ASILO,30,10,0.3723066697665029,0.023895306628347542,0.00057098567886275,0.3574962052770983,0.3871171342559075,2304792.5
homogeneous,,ASILO,31,10,0.3703272052621799,0.02458248336082804,0.0006042984881853875,0.355090824221352,0.38556358630300774,2446597.3
homogeneous,,ASILO,32,10,0.36935419720829843,0.02401966238828971,0.0005769441812474193,0.3544666562203445,0.38424173819625235,2592174.2
homogeneous,,ASILO,33,10,0.37164516581316603,0.029304553207118274,0.0008587568386688259,0.3534820155593412,0.38980831606699085,2742066.6
homogeneous,,ASILO,34,10,0.3727080994866279,0.028875545840744945,0.0008337971476009626,0.3548108507533062,0.39060534821994963,2895373.5
homogeneous,,ASILO,35,10,0.3753100083868109,0.02613523961210705,0.0006830507495822495,0.3591112190505822,0.3915087977230396,3051916.1
homogeneous,,ASILO,36,10,0.37743926127575467,0.02511182283392309,0.000630603646042341,0.3618747922304057,0.39300373032110364,3211875.6
homogeneous,,ASILO,37,10,0.3768111601447598,0.02590902730508003,0.0006712776958953825,0.36075257864902455,0.39286974164049504,3374349.3
homogeneous,,ASILO,38,10,0.3747327480934059,0.026830312083746068,0.0007198656465112102,0.35810314837592183,0.39136234781088997,3540598.1
homogeneous,,ASILO,39,10,0.37682675818840883,0.02423669164040915,0.0005874172216722787,0.36180470107636115,0.3918488153004565,3710083.5
homogeneous,,ASILO,40,10,0.3779864495871805,0.028882292455472077,0.0008341868174834193,0.3600850192587282,0.39588787991563273,3882983.9
homogeneous,,ASILO,41,10,0.37605968298317116,0.02954989589097206,0.0008731963471672875,0.357744467758452,0.39437489820789035,4058580.4
homogeneous,,ASILO,42,10,0.37402990920651524,0.027420846846302537,0.0007519028417683798,0.35703429225114286,0.3910255261618876,4237053.7
homogeneous,,ASILO,43,10,0.3719456189382789,0.02706487837214845,0.000732507641299189,0.3551706335290007,0.38872060434755706,4418763.0
homogeneous,,ASILO,44,10,0.3715949733117023,0.029612350816283096,0.0008768913208666221,0.35324104812322776,0.3899488985001769,4603346.5
homogeneous,,ASILO,45,10,0.3727860106792763,0.027270331007460336,0.0007436709532564527,0.3558836844073397,0.3896883369512129,4790630.0
homogeneous,,ASILO,46,10,0.3701637769619355,0.032401139724820324,0.0010498338554673296,0.35008134250003997,0.390246211423831,4980965.7
homogeneous,,ASILO,47,10,0.3718217401126559,0.028836072833599354,0.0008315190964646467,0.35394895700263473,0.38969452322267706,5174900.1
homogeneous,,ASILO,48,10,0.3701506759224674,0.026629787929691454,0.0007091456051803406,0.3536453623633108,0.38665598948162405,5371892.9
homogeneous,,ASILO,49,10,0.37267803619490725,0.029491828248660156,0.0008697679334484692,0.35439881166776815,0.39095726072204634,5572126.9
homogeneous,,DFedSAM,0,10,0.30259924952961337,0.03231255333653241,0.0010441011031262516,0.2825717214800267,0.32262677757920005,15600.0
homogeneous,,DFedSAM,1,10,0.3134666479932419,0.028453639786634254,0.0008096096171075357,0.2958308993414826,0.33110239664500124,46800.0
homogeneous,,DFedSAM,2,10,0.3146508184248099,0.030535197500354577,0.0009323982863856604,0.29572490693558656,0.33357672991403325,93600.0
homogeneous,,DFedSAM,3,10,0.32691374390001277,0.02498301452136049,0.0006241510145745091,0.3114291110739189,0.3423983767261066,156000.0
homogeneous,,DFedSAM,4,10,0.3262359742183365,0.024140458061917974,0.0005827617154392206,0.31127356329619127,0.34119838514048173,234000.0
homogeneous,,DFedSAM,5,10,0.3337673083283738,0.012871277812493333,0.00016566979252638316,0.32578960768865717,0.34174500896809046,327600.0
homogeneous,,DFedSAM,6,10,0.33843517897717224,0.01999255815302342,0.00039970238150202327,0.3260436630538553,0.3508266949004892,436800.0
homogeneous,,DFedSAM,7,10,0.349317020327714,0.02254890599346371,0.0005084531615020637,0.33534106359757804,0.36329297705784996,561600.0
homogeneous,,DFedSAM,8,10,0.3480049570064498,0.01790116903163578,0.00032045185269919584,0.3369096974902004,0.3591002165226992,702000.0
homogeneous,,DFedSAM,9,10,0.3645734509230582,0.0220587708110565,0.0004865893696947183,0.35090128312632884,0.37824561871978757,858000.0
homogeneous,,DFedSAM,10,10,0.36026785531499955,0.024733530236858255,0.0006117475179775816,0.3449378544504768,0.3755978561795223,1029600.0
homogeneous,,DFedSAM,11,10,0.35962677179810465,0.030632259246984126,0.0009383353065744445,0.3406407008150487,0.3786128427811606,1216800.0
homogeneous,,DFedSAM,12,10,0.36335965992618047,0.028782000664566064,0.0008284035622550814,0.34552039109374477,0.38119892875861616,1419600.0
homogeneous,,DFedSAM,13,10,0.3587361850816492,0.02371884843763024,0.0005625837712072744,0.3440350905119586,0.37343727965133977,1638000.0
homogeneous,,DFedSAM,14,10,0.3633688245924979,0.0269502914259058,0.0007263182079412518,0.3466648609083087,0.3800727882766871,1872000.0
homogeneous,,DFedSAM,15,10,0.3626890968246527,0.031182663065486928,0.0009723584758556826,0.34336188202052953,0.3820163116287759,2121600.0
homogeneous,,DFedSAM,16,10,0.36243210668165743,0.030769011162208964,0.0009467320479001398,0.3433612759834074,0.3815029373799075,2386800.0
homogeneous,,DFedSAM,17,10,0.364747213020616,0.03615018458531388,0.0013068358455522655,0.34234109648009614,0.3871533295611359,2667600.0
homogeneous,,DFedSAM,18,10,0.364243440186376,0.0372005240293213,0.0013838789880561116,0.341186316513818,0.387300563858934,2964000.0
homogeneous,,DFedSAM,19,10,0.36215767588143977,0.03724517554647443,0.0013872031014876965,0.3390728769118253,0.38524247485105423,3276000.0
homogeneous,,DFedSAM,20,10,0.3615417063905239,0.029311573994690285,0.0008591683700462039,0.34337420460747875,0.37970920817356907,3603600.0
homogeneous,,DFedSAM,21,10,0.36807969170542165,0.0370979404152274,0.0013762571830517622,0.3450861500156087,0.3910732333952346,3946800.0
homogeneous,,DFedSAM,22,10,0.3648332814657392,0.0367636999328916,0.001351569632755694,0.34204690417316747,0.3876196587583109,4305600.0
homogeneous,,DFedSAM,23,10,0.3605721902461322,0.026935320465836257,0.0007255114885972976,0.3438775056591285,0.37726687483313587,4680000.0
homogeneous,,DFedSAM,24,10,0.3673864177184559,0.028780862558823225,0.0008283380496298726,0.34954785429126783,0.385224981145644,5070000.0
homogeneous,,DFedSAM,25,10,0.3595547454067839,0.030840884178829863,0.0009511601369319981,0.3404393673513073,0.3786701234622605,5475600.0
homogeneous,,DFedSAM,26,10,0.3591206090416202,0.027197813703822838,0.0007397210702678533,0.3422632294601402,0.37597798862310017,5896800.0
homogeneous,,DFedSAM,27,10,0.36124873619074016,0.02558289790948426,0.0006544846654470941,0.3453922917886002,0.3771051805928801,6333600.0
homogeneous,,DFedSAM,28,10,0.3632039244462867,0.022295509023696796,0.0004970897226257453,0.3493850247851738,0.37702282410739957,6786000.0
homogeneous,,DFedSAM,29,10,0.36175179092242643,0.027505170859862992,0.0007565344240302563,0.34470390940197165,0.3787996724428812,7254000.0
homogeneous,,DFedSAM,30,10,0.359547629850704,0.023094505779109,0.0005333561971812991,0.34523350686991444,0.37386175283149353,7737600.0
homogeneous,,DFedSAM,31,10,0.35217789595061033,0.028829145199943354,0.0008311196129594169,0.3343094066324142,0.37004638526880645,8236800.0
homogeneous,,DFedSAM,32,10,0.35354226664252975,0.030723244907895485,0.0009439177776705258,0.33449980216258623,0.37258473112247326,8751600.0
homogeneous,,DFedSAM,33,10,0.36049901390509087,0.022689763277298353,0.0005148253575798368,0.3464357529259342,0.37456227488424754,9282000.0
homogeneous,,DFedSAM,34,10,0.3597311624411432,0.024362234027994974,0.0005935184468347963,0.3446312933511128,0.37483103153117364,9828000.0
homogeneous,,DFedSAM,35,10,0.36164185256320314,0.027194809821061573,0.000739557681203707,0.34478633480754767,0.3784973703188586,10389600.0
homogeneous,,DFedSAM,36,10,0.3558347197541373,0.026151891322621256,0.0006839214197501929,0.3396256095808047,0.37204382992746987,10966800.0
homogeneous,,DFedSAM,37,10,0.3581854708967165,0.02976589012445869,0.0008860082149013473,0.3397363810590984,0.37663456073433454,11559600.0
homogeneous,,DFedSAM,38,10,0.35750194227078086,0.029766581903702048,0.0008860493982298022,0.3390524236639456,0.3759514608776161,12168000.0
homogeneous,,DFedSAM,39,10,0.3587657862061768,0.030042606217806037,0.000902558188358158,0.3401451859569993,0.3773863864553543,12792000.0
homogeneous,,DFedSAM,40,10,0.3593035885240581,0.03567243817735367,0.0012725228455171195,0.3371935822749894,0.38141359477312675,13431600.0
homogeneous,,DFedSAM,41,10,0.3601284835581996,0.033202046366649425,0.0011023758829331383,0.3395496420167621,0.3807073250996371,14086800.0
homogeneous,,DFedSAM,42,10,0.3624086777959967,0.03961601440520517,0.0015694285973534238,0.3378544176776529,0.38696293791434055,14757600.0
homogeneous,,DFedSAM,43,10,0.3526847701619801,0.032999320061915895,0.001088955124548765,0.3322315796860017,0.37313796063795845,15444000.0
homogeneous,,DFedSAM,44,10,0.3579927273260393,0.029455019138909157,0.0008675981524735048,0.3397363173214896,0.376249137330589,16146000.0
homogeneous,,DFedSAM,45,10,0.3569164508263431,0.03415705959501018,0.0011667047201770768,0.33574568595345233,0.37808721569923387,16863600.0
homogeneous,,DFedSAM,46,10,0.3515474787246794,0.029362533350455598,0.0008621583647566173,0.3333483920057008,0.36974656544365797,17596800.0
homogeneous,,DFedSAM,47,10,0.35533731816356645,0.029092537739476888,0.000846375752122887,0.3373055764580204,0.3733690598691125,18345600.0
homogeneous,,DFedSAM,48,10,0.3558425018607849,0.032088091409881,0.001029645610328879,0.33595409675469506,0.3757309069668748,19110000.0
homogeneous,,DFedSAM,49,10,0.35450270314211496,0.029263755631962193,0.000856367393687199,0.3363648394873492,0.37264056679688073,19890000.0
homogeneous,,DeceFL,0,10,0.3148493613012924,0.038466574828578216,0.0014796773790426072,0.29100753121354517,0.3386911913890396,62400.0
homogeneous,,DeceFL,1,10,0.32530425903275184,0.033391607555436985,0.0011149994551363164,0.3046079262492569,0.34600059181624676,187200.0
homogeneous,,DeceFL,2,10,0.329168359168846,0.026882078366494467,0.0007226461373023498,0.3125066743769028,0.3458300439607892,374400.0
homogeneous,,DeceFL,3,10,0.34003132736842234,0.02208578579827577,0.0004877819343273196,0.32634241550914067,0.353720239227704,624000.0
homogeneous,,DeceFL,4,10,0.3489622208546613,0.02632841237565157,0.0006931852982223628,0.3326437017991494,0.3652807399101731,936000.0
homogeneous,,DeceFL,5,10,0.35791061157392934,0.027382185318160585,0.000749784072798089,0.3409389572819602,0.37488226586589846,1310400.0
homogeneous,,DeceFL,6,10,0.3595133554098552,0.02550606360714627,0.0006505592807317914,0.34370453340168755,0.3753221774180228,1747200.0
homogeneous,,DeceFL,7,10,0.36126874860426067,0.02502030413532745,0.0006260156190242839,0.3457610034359788,0.3767764937725425,2246400.0
homogeneous,,DeceFL,8,10,0.3706713229566244,0.028452854736387916,0.0008095649426499923,0.3530360608840489,0.38830658502919996,2808000.0
homogeneous,,DeceFL,9,10,0.3721049763762731,0.024115240775995184,0.0005815448376842208,0.3571581952898729,0.3870517574626733,3432000.0
homogeneous,,DeceFL,10,10,0.3735874111730342,0.022694218918714638,0.0005150275723305454,0.3595213885587163,0.38765343378735206,4118400.0
homogeneous,,DeceFL,11,10,0.37145099443662527,0.018953037807177203,0.0003592176421202884,0.3597037798988325,0.38319820897441803,4867200.0
homogeneous,,DeceFL,12,10,0.3686686663096454,0.021023812930299136,0.00044200071012821313,0.35563797205328074,0.38169936056601006,5678400.0
homogeneous,,DeceFL,13,10,0.37574321977625164,0.0240471241394344,0.0005782641793773686,0.36083865781859553,0.39064778173390774,6552000.0
homogeneous,,DeceFL,14,10,0.3686302896742989,0.024526179111211698,0.000601533461795237,0.353428806368935,0.3838317729796628,7488000.0
homogeneous,,DeceFL,15,10,0.37379190145784486,0.025795799534382307,0.0006654232736180384,0.3578034992614681,0.3897803036542216,8486400.0
homogeneous,,DeceFL,16,10,0.3740207991029719,0.027835575095225384,0.0007748192408819316,0.3567681309157841,0.39127346729015977,9547200.0
homogeneous,,DeceFL,17,10,0.37336184343601186,0.03242980767359651,0.001051692425746459,0.35326164039537666,0.39346204647664706,10670400.0
homogeneous,,DeceFL,18,10,0.37171055559561733,0.03138165550496181,0.0009848083022320998,0.3522600039996989,0.39116110719153574,11856000.0
homogeneous,,DeceFL,19,10,0.3718552159993106,0.032394357749199666,0.0010493944139831324,0.3517769850494545,0.3919334469491667,13104000.0
homogeneous,,DeceFL,20,10,0.3721996437987063,0.03172494713817793,0.001006472270920184,0.35253631784411005,0.39186296975330254,14414400.0
homogeneous,,DeceFL,21,10,0.3702539543744471,0.033804384040798864,0.001142736380377817,0.3493017800747248,0.3912061286741694,15787200.0
homogeneous,,DeceFL,22,10,0.36840962491257845,0.032629268492685104,0.0010646691623677328,0.34818579477545586,0.38863345504970104,17222400.0
homogeneous,,DeceFL,23,10,0.37297010785083373,0.02817436334816971,0.0007937947500746887,0.3555074565289785,0.39043275917268894,18720000.0
homogeneous,,DeceFL,24,10,0.364222837439217,0.035085502855915635,0.001230992510652464,0.34247661747131797,0.38596905740711607,20280000.0
homogeneous,,DeceFL,25,10,0.3740567571190305,0.02684995042436559,0.0007209198377908898,0.35741498543192496,0.3906985288061361,21902400.0
homogeneous,,DeceFL,26,10,0.37493277146564175,0.028443766860519398,0.0008090478732155815,0.35730314211688635,0.39256240081439714,23587200.0
homogeneous,,DeceFL,27,10,0.37605099434097483,0.03642482489898654,0.0013267678689218299,0.35347465397046723,0.39862733471148243,25334400.0
homogeneous,,DeceFL,28,10,0.3782304001609972,0.02822989185557738,0.0007969267941775941,0.3607333319136803,0.3957274684083141,27144000.0
homogeneous,,DeceFL,29,10,0.37386648742903245,0.03591668441975723,0.001290008219708432,0.3516050957905209,0.396127879067544,29016000.0
homogeneous,,DeceFL,30,10,0.3700333620620386,0.028265395919337504,0.0007989326064769013,0.3525142881680176,0.38755243595605954,30950400.0
homogeneous,,DeceFL,31,10,0.3695008219528074,0.032097778376127775,0.0010302673766830158,0.349606412802834,0.38939523110278085,32947200.0
homogeneous,,DeceFL,32,10,0.3735323693394649,0.028683091560092855,0.00082271974144467,0.3557544050051159,0.39131033367381385,35006400.0
homogeneous,,DeceFL,33,10,0.3715541392771221,0.033330609439350914,0.0011109295255985483,0.3508956135176702,0.39221266503657404,37128000.0
homogeneous,,DeceFL,34,10,0.37034249019178433,0.02710590370737832,0.0007347300157936657,0.35354207701629087,0.3871429033672778,39312000.0
homogeneous,,DeceFL,35,10,0.36986975153617807,0.030397219063329685,0.0009239909267840537,0.35102935996823653,0.3887101431041196,41558400.0
homogeneous,,DeceFL,36,10,0.36680519544183093,0.03512612282037988,0.001233844504392412,0.34503379895912023,0.38857659192454164,43867200.0
homogeneous,,DeceFL,37,10,0.37195126233663994,0.03607719310899888,0.0013015638626239963,0.3495903863818471,0.3943121382914328,46238400.0
homogeneous,,DeceFL,38,10,0.3718482366053262,0.038200440680705,0.0014592736682000616,0.3481713581713827,0.3955251150392696,48672000.0
homogeneous,,DeceFL,39,10,0.3663289461299347,0.03549836546226064,0.0012601339504922193,0.34432683126747,0.38833106099239945,51168000.0
homogeneous,,DeceFL,40,10,0.37275519512915095,0.0356737375194542,0.0012726155486069142,0.3506443835395048,0.3948660067187971,53726400.0
homogeneous,,DeceFL,41,10,0.3658113855479514,0.03749116740107473,0.0014055876330954084,0.3425741192472453,0.3890486518486575,56347200.0
homogeneous,,DeceFL,42,10,0.37069911574405257,0.03339924102809588,0.0011155093012528434,0.3499980516851861,0.391400179802919,59030400.0
homogeneous,,DeceFL,43,10,0.36949827766529103,0.03392050867522722,0.0011506009087861653,0.34847412857146814,0.3905224267591139,61776000.0
homogeneous,,DeceFL,44,10,0.36483159852678715,0.033721433590853875,0.001137135083422368,0.3439308374485982,0.3857323596049761,64584000.0
homogeneous,,DeceFL,45,10,0.36634328566026425,0.03201425721037596,0.001024912664732109,0.34650064346514603,0.38618592785538247,67454400.0
homogeneous,,DeceFL,46,10,0.36727218085363245,0.033233582452812827,0.0011044710026479087,0.3466737930434852,0.38787056866377967,70387200.0
homogeneous,,DeceFL,47,10,0.3642628399742389,0.0350323222774166,0.0012272636041487795,0.34254958167038696,0.3859760982780909,73382400.0
homogeneous,,DeceFL,48,10,0.3651969176929873,0.03094619786682556,0.0009576671624127188,0.34601626553743037,0.3843775698485442,76440000.0
homogeneous,,DeceFL,49,10,0.3656776298278406,0.03184691993511023,0.0010142263093533212,0.3459387043504704,0.38541655530521074,79560000.0
homogeneous,,FedAvg,0,10,0.29001213281369687,0.018501675778722682,0.00034231200662097357,0.27854467535951316,0.30147959026788057,15600.0
homogeneous,,FedAvg,1,10,0.29956901299157657,0.010292524548284387,0.00010593606157703673,0.2931896401842048,0.30594838579894834,46800.0
homogeneous,,FedAvg,2,10,0.30923745350944565,0.015330418019686555,0.00023502171665833023,0.29973556197820495,0.31873934504068635,93600.0
homogeneous,,FedAvg,3,10,0.3374038318000189,0.02456481787836627,0.0006034302773973032,0.3221783999386579,0.35262926366138,156000.0
homogeneous,,FedAvg,4,10,0.3394529628175589,0.023409862074944672,0.0005480216423679328,0.32494337997958367,0.3539625456555341,234000.0
homogeneous,,FedAvg,5,10,0.34398100485065536,0.016690597272195438,0.0002785760373026178,0.3336360654844641,0.3543259442168466,327600.0
homogeneous,,FedAvg,6,10,0.36206998200827356,0.03094037597452338,0.0009573068654448637,0.3428929382989502,0.38124702571759694,436800.0
homogeneous,,FedAvg,7,10,0.36019812539431306,0.033636796764654794,0.0011314340965866913,0.33934982276448866,0.38104642802413746,561600.0
homogeneous,,FedAvg,8,10,0.36446681342713544,0.034278463135249654,0.0011750130349146696,0.3432208018604244,0.38571282499384646,702000.0
homogeneous,,FedAvg,9,10,0.3659875682755297,0.021712134604815556,0.00047141678909762915,0.3525302478253158,0.3794448887257436,858000.0
homogeneous,,FedAvg,10,10,0.36257101933382513,0.030194789965989902,0.0009117253410902445,0.3438560946202916,0.38128594404735866,1029600.0
homogeneous,,FedAvg,11,10,0.3638133304284578,0.026434400726880736,0.0006987775417893128,0.34742911911226126,0.38019754174465437,1216800.0
homogeneous,,FedAvg,12,10,0.3658634894021458,0.027413051100808196,0.0007514753706555214,0.34887270429989037,0.38285427450440124,1419600.0
homogeneous,,FedAvg,13,10,0.37448697842237233,0.023674468130368574,0.0005604804412558373,0.3598133910521059,0.38916056579263875,1638000.0
homogeneous,,FedAvg,14,10,0.3643175382438112,0.032500494863815656,0.0010562821663929079,0.34417352282876795,0.3844615536588544,1872000.0
homogeneous,,FedAvg,15,10,0.3747474716992202,0.027256941078114327,0.0007429408369357963,0.3578534445914742,0.39164149880696614,2121600.0
homogeneous,,FedAvg,16,10,0.3708661948690174,0.03288686492342252,0.0010815458844914386,0.3504827048099958,0.39124968492803897,2386800.0
homogeneous,,FedAvg,17,10,0.37379493672172004,0.030003926447474447,0.0009002356022654566,0.35519831044257205,0.392391563000868,2667600.0
homogeneous,,FedAvg,18,10,0.37065165132772054,0.02993716113456818,0.0008962336167970996,0.35209640661823816,0.38920689603720293,2964000.0
homogeneous,,FedAvg,19,10,0.37209736426879475,0.02971669231416796,0.000883081802094929,0.3536787675499134,0.3905159609876761,3276000.0
homogeneous,,FedAvg,20,10,0.3701877756862964,0.03210816830263964,0.001030934471750633,0.3502869267931531,0.3900886245794397,3603600.0
homogeneous,,FedAvg,21,10,0.36947950739346336,0.030886531606185867,0.0009539778346599185,0.35033583676939145,0.38862317801753526,3946800.0
homogeneous,,FedAvg,22,10,0.3632647164512791,0.029538503224618318,0.0008725231727507867,0.34495656247432277,0.38157287042823546,4305600.0
homogeneous,,FedAvg,23,10,0.3636380010010444,0.02644599858793314,0.0006993908413129617,0.34724660125609313,0.3800294007459956,4680000.0
homogeneous,,FedAvg,24,10,0.3656349676516858,0.02783585318223601,0.0007748347223829986,0.3483821271043831,0.3828878081989885,5070000.0
homogeneous,,FedAvg,25,10,0.36503165748381555,0.03061352659917555,0.000937188010838429,0.34605719711616106,0.38400611785147004,5475600.0
homogeneous,,FedAvg,26,10,0.3689814386419107,0.02643844465502997,0.0006989913557770828,0.35259472087307964,0.38536815641074174,5896800.0
homogeneous,,FedAvg,27,10,0.37377613983434865,0.024021168419812042,0.0005770165322529754,0.35888766539838635,0.38866461427031096,6333600.0
homogeneous,,FedAvg,28,10,0.3742463720005452,0.027134302677813294,0.0007362703818111857,0.3574283569608152,0.39106438704027524,6786000.0
homogeneous,,FedAvg,29,10,0.3747224710277727,0.025717129068828695,0.0006613707275427938,0.35878282929112,0.39066211276442536,7254000.0
homogeneous,,FedAvg,30,10,0.37492577779087527,0.026110035029570346,0.0006817339292453906,0.3587426104167513,0.3911089451649992,7737600.0
homogeneous,,FedAvg,31,10,0.36820286907822164,0.029431008406350434,0.0008661842558146699,0.3499613410798942,0.3864443970765491,8236800.0
homogeneous,,FedAvg,32,10,0.37698366381280995,0.023064282930887817,0.000531961147116043,0.3626882731474207,0.3912790544781992,8751600.0
homogeneous,,FedAvg,33,10,0.37664508254407425,0.024975362107233508,0.0006237687123874354,0.3611651927333955,0.392124972354753,9282000.0
homogeneous,,FedAvg,34,10,0.37348146444119895,0.03047814067375859,0.0009289170589294178,0.35459091713948415,0.39237201174291375,9828000.0
homogeneous,,FedAvg,35,10,0.3708851052554992,0.031320114485137864,0.0009809495713621426,0.35147269717884677,0.3902975133321517,10389600.0
homogeneous,,FedAvg,36,10,0.37820690048581035,0.029508164108691066,0.0008707317490654436,0.3599175508877251,0.3964962500838956,10966800.0
homogeneous,,FedAvg,37,10,0.37745919936281036,0.02790704820170754,0.000778803339332428,0.360162231685268,0.3947561670403527,11559600.0
homogeneous,,FedAvg,38,10,0.3718622605550057,0.026714067649658866,0.0007136414103905504,0.3553047098842201,0.38841981122579133,12168000.0
homogeneous,,FedAvg,39,10,0.3692711648648468,0.033128406419768906,0.0010974913119133857,0.3487379658353569,0.3898043638943367,12792000.0
homogeneous,,FedAvg,40,10,0.3726595398448232,0.022548756766982658,0.0005084464317365462,0.35868367560621844,0.38663540408342795,13431600.0
homogeneous,,FedAvg,41,10,0.37136681057172627,0.023824505777411024,0.0005676070755378913,0.3566002289043722,0.38613339223908033,14086800.0
homogeneous,,FedAvg,42,10,0.3734505377380375,0.02233036342358354,0.0004986451306293175,0.359610035096061,0.387291040380014,14757600.0
homogeneous,,FedAvg,43,10,0.37760514284427327,0.02696116226596013,0.0007269042707314323,0.3608944413436125,0.39431584434493405,15444000.0
homogeneous,,FedAvg,44,10,0.37489787220222326,0.020093647873649832,0.00040375468487023245,0.36244370022092526,0.38735204418352126,16146000.0
homogeneous,,FedAvg,45,10,0.37450464842383824,0.020179896947560484,0.00040722824081416097,0.3619970187126912,0.3870122781349853,16863600.0
homogeneous,,FedAvg,46,10,0.37556854073713114,0.019268753945171545,0.00037128487859956397,0.36362564330967206,0.3875114381645902,17596800.0
homogeneous,,FedAvg,47,10,0.37576525762540824,0.021277478088011077,0.0004527310737857915,0.3625773400754101,0.3889531751754064,18345600.0
homogeneous,,FedAvg,48,10,0.37592907549607457,0.020072962521591266,0.00040292382439320763,0.3634877244288112,0.3883704265633379,19110000.0
homogeneous,,FedAvg,49,10,0.3776469905020036,0.020881712557387234,0.0004360459193293437,0.3647043709692521,0.3905896100347551,19890000.0
